"glacier_name","year","glacier_mass_balance","temperature","precipitation","zonal_wind_speed","relative_humidity","net_solar_radiation"
"Austre_Broeggerbreen",1976,-0.45,-11.3982670166667,1.26703471666667,3.33238269166667,0.610000216666667,33.93549645
"Austre_Broeggerbreen",1977,-0.11,-12.6319554533333,1.05730305833333,2.322370875,0.639277433333333,28.0717006083333
"Austre_Broeggerbreen",1978,-0.56,-13.6436405583333,0.764191341666667,3.4644204,0.585161508333333,33.7244436666667
"Austre_Broeggerbreen",1979,-0.71,-11.9911789833333,1.01844310833333,1.68640480833333,0.613025316666667,34.1644834916667
"Austre_Broeggerbreen",1980,-0.52,-11.8707739333333,0.909553291666667,3.062028025,0.607120391666667,34.5267745833333
"Austre_Broeggerbreen",1981,-0.55,-11.28726,1.04998941666667,1.58165719583333,0.634788691666667,35.0554800166667
"Austre_Broeggerbreen",1982,-0.04,-10.7066771083333,1.29040051666667,1.20764507083333,0.664558375,38.6891785333333
"Austre_Broeggerbreen",1983,-0.27,-12.7781311991667,0.946309475,1.69872546666667,0.636398366666667,38.68209725
"Austre_Broeggerbreen",1984,-0.73,-9.838710225,1.39335626666667,2.59718612666667,0.622992816666667,37.3328779166667
"Austre_Broeggerbreen",1985,-0.55,-10.8198220083333,0.886484508333333,2.38751655833333,0.630389466666667,36.7249749166667
"Austre_Broeggerbreen",1986,-0.32,-12.033354175,0.904603083333333,3.11575635833333,0.578795333333333,32.8870981916667
"Austre_Broeggerbreen",1987,0.22,-12.2816518966667,0.885906391666667,3.60988793333333,0.608749016666667,38.8464287333333
"Austre_Broeggerbreen",1988,-0.52,-13.2944583416667,0.643514283333333,3.34381665,0.633408891666667,34.8873434916667
"Austre_Broeggerbreen",1989,-0.45,-12.9384860683333,1.1513871,2.907185925,0.60529485,34.5898823083333
"Austre_Broeggerbreen",1990,-0.66,-10.15971865,1.34305118333333,2.18223134166667,0.6073479,36.2642352916667
"Austre_Broeggerbreen",1991,0.13,-12.0281332,0.987321458333334,3.33184940833333,0.61685845,39.6055994833333
"Austre_Broeggerbreen",1992,-0.1,-11.1413735308333,1.29149515,2.42944708333333,0.633745466666667,33.0978200666667
"Austre_Broeggerbreen",1993,-1.03,-12.9944692105,1.15445106666667,2.37977480833333,0.594891241666667,31.7032327166667
"Austre_Broeggerbreen",1994,-0.16,-12.7241041233333,0.79394265,2.49587110833333,0.624490116666667,35.711466525
"Austre_Broeggerbreen",1995,-0.78,-11.684981155,1.113320125,1.59460453916667,0.643836616666667,35.3690559833333
"Austre_Broeggerbreen",1996,-0.17,-10.7960174075,1.11856854166667,2.93924606666667,0.629068266666667,38.3835676333333
"Austre_Broeggerbreen",1997,-0.71,-10.8018887741667,0.937458258333333,3.121077425,0.582196866666667,33.9645573
"Austre_Broeggerbreen",1998,-0.86,-9.83796018416667,1.192973325,1.19030054166667,0.650027816666667,32.1208813083333
"Austre_Broeggerbreen",1999,-0.36,-11.0750118166667,1.34370233333333,1.25309209166667,0.6417937,36.6195649991667
"Austre_Broeggerbreen",2000,-0.022,-11.7151357583333,0.796858983333333,2.56080233333333,0.5915863,39.2952290833333
"Austre_Broeggerbreen",2001,-0.476,-11.6102333475,1.0366246,2.32490154166667,0.62045745,38.0989752416667
"Austre_Broeggerbreen",2002,-0.565,-10.3324607833333,0.940378966666667,3.38270491666667,0.585438475,41.2337384166667
"Austre_Broeggerbreen",2003,-0.899,-10.8319273166667,0.8761162,3.316815,0.611449391666667,43.8722106833333
"Austre_Broeggerbreen",2004,-1.142,-10.7288360483333,1.21560713333333,1.95284320166667,0.624128358333333,37.1723584166667
"Austre_Broeggerbreen",2005,-0.981,-9.79916614166667,1.13545393333333,1.97751785,0.603809958333334,33.0759404
"Austre_Broeggerbreen",2006,-0.725,-10.195940975,1.58974133333333,1.8854683975,0.64976115,33.0239266166667
"Austre_Broeggerbreen",2007,-0.457,-10.699232775,1.33251421666667,2.31068794166667,0.649725708333333,34.7760227916667
"Austre_Broeggerbreen",2008,-0.127,-11.1300577425,0.958607866666667,2.44573383333333,0.6198906,44.6299800333333
"Austre_Broeggerbreen",2009,-0.25,-11.19005245,1.08759871666667,2.1677408,0.642360916666667,33.4417868
"Austre_Broeggerbreen",2010,-0.44,-11.9485232416667,0.63369545,2.771557525,0.61403665,38.2198868833333
"Austre_Broeggerbreen",2011,-1.004,-10.6472892191667,1.34270151666667,1.8781744,0.634901733333333,30.7725058583333
"Austre_Broeggerbreen",2012,-0.175,-10.2045048166667,1.10487189166667,1.67686335833333,0.632980866666667,37.4212120666667
"Austre_Broeggerbreen",2013,-1.05,-10.9393033666667,0.986765083333333,2.3170925475,0.636801883333333,42.6505473416667
"Austre_Broeggerbreen",2014,0.01,-10.1608127691667,1.15512435833333,3.32928151916667,0.613607916666667,40.68301795
"Austre_Broeggerbreen",2015,-0.61,-10.0274697416667,1.36414999166667,1.21644934166667,0.634052258333333,33.7993666166667
"Austre_Broeggerbreen",2016,-1.45,-8.93621017791667,0.997495433333333,2.481449595,0.591598608333333,42.3029292166667
"Austre_Broeggerbreen",2017,-0.79,-9.81880643333333,0.816333583333333,3.416675,0.61040585,39.9719586916667
"Austre_Broeggerbreen",2018,-0.88,-9.7850290625,1.36713149166667,2.8620094625,0.6236542,33.4369497333333
"Austre_Broeggerbreen",2019,-0.71,-11.8901109,0.911905566666667,2.62384296666667,0.58028255,37.83711615
"Austre_Broeggerbreen",2020,-1.744,-10.8621764016667,1.1891176,1.830795585,0.648443691666667,32.0273796416667
"Austre_Broeggerbreen",2021,-0.78,-9.82557659176667,1.099649275,2.39845295,0.620905066666667,45.8676598416667
"Austre_Broeggerbreen",2022,-1.516,-11.148803025,1.10789464166667,2.71155283333333,0.623847808333333,30.472796125
"Austre_Broeggerbreen",2023,-0.948,-10.82255428,1.101796525,2.41725389166667,0.59308195,35.632113075
"Djankuat",1976,0.29,-2.36531080833333,2.70100718333333,1.26822415833333,0.67769405,106.320965
"Djankuat",1977,-0.37,-2.19730428333333,2.879177725,1.4523427,0.685013766666667,106.6621125
"Djankuat",1978,0.44,-1.82259325,3.17392541666667,1.567687686,0.7104099,100.011910833333
"Djankuat",1979,-0.31,-1.01086683333333,2.94262341666667,1.13336145691667,0.67694055,107.386504166667
"Djankuat",1980,0.38,-1.65153075,2.73476844166667,1.532669575,0.679107516666667,108.676455833333
"Djankuat",1981,-0.91,-1.17873528333333,3.0919385,1.11164878333333,0.6959127,102.847349166667
"Djankuat",1982,0.42,-2.001152685,2.713134,1.21289703833333,0.6789366,108.663349166667
"Djankuat",1983,-0.97,-1.83289108333333,3.13322041666667,1.37403314166667,0.696571758333333,105.748664166667
"Djankuat",1984,0.21,-1.85093666666667,2.59110388333333,1.11953486666667,0.678957358333333,104.762098333333
"Djankuat",1985,-0.38,-1.713737775,2.64890466666667,1.5686450675,0.708189583333333,109.91779
"Djankuat",1986,-0.5,-1.17037771666667,2.69503986666667,1.11301227758333,0.686370625,111.54026
"Djankuat",1987,1.54,-1.42319733333333,3.992432325,1.47205880583333,0.692611816666667,104.477536666667
"Djankuat",1988,0.52,-1.55704475,3.20206666666667,1.28425938333333,0.723357908333333,102.3523275
"Djankuat",1989,0.04,-1.272870925,3.60029858333333,1.58842239166667,0.658455325,110.124074166667
"Djankuat",1990,0.34,-1.50281517808333,2.81659783333333,1.487494975,0.679299341666667,106.478956666667
"Djankuat",1991,-0.31,-1.19996944166667,2.75636600833333,1.2820133,0.673584091666667,109.887490833333
"Djankuat",1992,-0.13,-3.17549885833333,3.011524375,1.529259075,0.701490158333333,100.486564166667
"Djankuat",1993,1.1,-2.32197281666667,2.606548625,1.71074674166667,0.636902258333333,111.126638333333
"Djankuat",1994,-0.84,-1.01344763333333,2.52200015833333,1.45874825,0.665799333333333,116.654264166667
"Djankuat",1995,0.04,-1.19993033333333,3.13309224166667,1.45724505833333,0.692909425,104.70781
"Djankuat",1996,-0.15,-1.05196795333333,2.8783741,1.06155236666667,0.654240641666667,110.4709975
"Djankuat",1997,0.27,-1.97597743333333,2.91504699166667,1.67186096666667,0.6754717,108.4775
"Djankuat",1998,-1,-0.137883250833333,2.65367133333333,1.52312193333333,0.658199741666667,118.078458333333
"Djankuat",1999,-0.56,-1.02971929166667,2.7864317,1.46290978333333,0.640054191666667,111.077975
"Djankuat",2000,-1.14,-1.61180108333333,2.21155633333333,1.35424361916667,0.644519491666667,118.637610833333
"Djankuat",2001,-0.62,-0.949206025,2.98211533333333,1.55302223333333,0.658066175,112.625693333333
"Djankuat",2002,0.43,-1.40062021666667,3.043053,1.667861175,0.667713783333333,106.1870975
"Djankuat",2003,0.28,-1.676409,2.67360483333333,1.26351659166667,0.675378741666667,112.651250833333
"Djankuat",2004,0.73,-1.57673616666667,2.96144225,1.63478115833333,0.6637639,111.6696225
"Djankuat",2005,0.39,-1.551213225,3.43230754166667,1.15663645833333,0.693388741666667,103.820741666667
"Djankuat",2006,-0.8,-1.22138135,3.18305225,1.37492072666667,0.673297216666667,109.921320833333
"Djankuat",2007,-2.01,-1.41407541666667,2.92673891666667,1.24529214166667,0.647225233333333,112.563094166667
"Djankuat",2008,-0.41,-1.19599544166667,2.74979041666667,1.271731975,0.654313558333333,111.907506666667
"Djankuat",2009,-0.23,-1.14483891666667,2.82873983333333,1.13915120833333,0.683994141666667,107.888545833333
"Djankuat",2010,-1.17,0.765154490583334,3.11382091666667,1.2370527075,0.646487125,114.240549166667
"Djankuat",2011,-0.68,-1.855352,2.71060999166667,1.425419875,0.6951824,111.4946825
"Djankuat",2012,-1.63,-0.646368458333333,2.74795458333333,1.0783227125,0.675169383333333,119.9700625
"Djankuat",2013,-0.45,-1.11804504166667,3.16443576666667,1.276527695,0.65343085,112.149235833333
"Djankuat",2014,-1.56,-0.3006893,3.04911838333333,1.22023187583333,0.64048455,111.802429166667
"Djankuat",2015,-1.05,-0.174469833333334,2.67533833333333,1.3731407725,0.64129835,116.619115
"Djankuat",2016,-0.84,-0.906240333333333,3.19497608333333,1.52853170166667,0.678734825,108.657481666667
"Djankuat",2017,-1.06,-0.869120583333334,3.07988245,1.55726596666667,0.631569716666667,112.810376666667
"Djankuat",2018,-0.04,0.57656825,2.99773308333333,1.07168495083333,0.668120291666667,116.705588333333
"Djankuat",2019,-0.63,-0.185014833333333,2.3771065,1.05933111583333,0.627431216666667,119.178243333333
"Djankuat",2020,-1.37,-0.395955583333333,2.08948495833333,1.06417321666667,0.612737641666667,118.323701666667
"Djankuat",2021,-0.17,-0.394900158333333,3.32349366666667,1.38081871083333,0.655433066666667,111.217015
"Djankuat",2022,-0.59,-0.882947233333333,2.6144158,1.47133304416667,0.650712266666667,113.12922
"Djankuat",2023,-0.07,0.0658037500000002,3.350450225,1.47831685,0.666792683333333,112.824095833333
"Echaurren_Norte",1976,-0.92,-3.24631798333333,2.42344604166667,0.0733152441666667,0.643339291666667,139.0422
"Echaurren_Norte",1977,-1.3,-1.90671783333333,3.54231675833333,0.1297384,0.627727891666667,138.483095833333
"Echaurren_Norte",1978,0.18,-2.29589108333333,3.78648361666667,0.135982595833333,0.643356983333333,138.767906666667
"Echaurren_Norte",1979,0.67,-2.96692401666667,2.96216718333333,0.0671708733333333,0.652344891666667,131.240200833333
"Echaurren_Norte",1980,0.3,-3.62273664083333,3.81372469166667,-0.0516973375,0.682865641666667,117.113618333333
"Echaurren_Norte",1981,0.36,-2.96546435833333,2.40555210833333,0.0241120833333333,0.655427416666667,132.208121666667
"Echaurren_Norte",1982,-2.42,-2.33239744166667,5.99991994166667,0.202173699416667,0.667940725,124.566186666667
"Echaurren_Norte",1983,3.7,-4.42606465,2.93451415,-0.174844588333333,0.70217015,112.826451666667
"Echaurren_Norte",1984,-1.24,-3.51911915833333,4.46211964166667,0.145906952583333,0.684154091666667,126.055118333333
"Echaurren_Norte",1985,0.34,-2.91867866666667,2.421417,-0.00613668500000002,0.645325541666667,135.64604
"Echaurren_Norte",1986,-1.7,-2.4541345,3.98623799166667,0.0961879416666666,0.64909465,130.0449325
"Echaurren_Norte",1987,0.95,-3.24712944166667,4.57284680833333,-1.62141666666544e-05,0.685725266666667,121.633715833333
"Echaurren_Norte",1988,2.3,-3.535878375,1.93752398333333,0.0224222308333333,0.667093433333333,137.375041666667
"Echaurren_Norte",1989,-1.26,-2.13201895833333,2.74184380833333,0.0868531816666667,0.60060615,148.615063333333
"Echaurren_Norte",1990,-1.3,-3.08911871666667,2.57870675,0.0344004158333333,0.635683216666667,135.732229166667
"Echaurren_Norte",1991,-0.86,-2.71093756666667,3.92781081666667,0.135380394166667,0.633767958333333,131.886046666667
"Echaurren_Norte",1992,1.74,-3.301676,3.5022165,0.0864876015833334,0.669681658333333,129.284244166667
"Echaurren_Norte",1993,-0.29,-2.5600405,3.11510400833333,0.145376933333333,0.624863316666667,135.254526666667
"Echaurren_Norte",1994,-1.86,-2.22158058333333,2.78895366666667,0.1788158675,0.664479983333333,140.227145
"Echaurren_Norte",1995,-0.95,-2.71307656666667,2.934471525,0.189309055083333,0.642913216666667,144.4445425
"Echaurren_Norte",1996,-1.18,-2.57856736666667,1.65955396666667,0.0790178083333333,0.598161641666667,150.5877175
"Echaurren_Norte",1997,-2.53,-1.966642,4.626879625,0.22418817,0.633745591666667,138.643508333333
"Echaurren_Norte",1998,2.4,-2.821800325,2.00826616666667,0.0501256583333333,0.653402816666667,148.812078333333
"Echaurren_Norte",1999,-4.28,-1.954609975,2.71055308333333,0.173645741666667,0.61172065,150.085814166667
"Echaurren_Norte",2000,-0.75,-2.79627735833333,3.495842125,0.186928069166667,0.62138555,141.3007075
"Echaurren_Norte",2001,1.79,-2.05400058333333,3.4171106,0.116261784166667,0.635232483333333,143.628889166667
"Echaurren_Norte",2002,-0.22,-2.660929,3.89087533333333,0.2087203025,0.6303615,138.4935175
"Echaurren_Norte",2003,1.9,-1.46956108333333,2.400096425,0.232572121666667,0.601105233333333,153.157261666667
"Echaurren_Norte",2004,-0.55,-2.44313558333333,2.686225625,0.0497936558333334,0.621574225,132.027498333333
"Echaurren_Norte",2005,-0.78,-2.62584435,4.45697508333333,0.188550078333333,0.649721275,136.659356666667
"Echaurren_Norte",2006,0.48,-1.35574344166667,3.77341785833333,0.258859431666667,0.6243652,148.7273025
"Echaurren_Norte",2007,-0.13,-3.27823660833333,2.81277321666667,0.171835488333333,0.615354358333333,142.622491666667
"Echaurren_Norte",2008,-0.54,-2.35479968333333,3.41206485,0.135001643333333,0.607834991666667,146.838393333333
"Echaurren_Norte",2009,0.08,-2.13585675,3.18122769166667,0.176792517666667,0.627489,142.81391
"Echaurren_Norte",2010,-2.11,-2.696701175,1.98973429166667,0.147813945,0.604715658333333,144.658135833333
"Echaurren_Norte",2011,-1.27,-2.51623463333333,2.32990630833333,0.0766939125,0.611600808333333,146.635670833333
"Echaurren_Norte",2012,-2.38,-2.13517763166667,2.51682850833333,0.0773018466666667,0.612513275,134.085831666667
"Echaurren_Norte",2013,-1.03,-2.49103536666667,2.61060780833333,0.0839371016666667,0.607566658333333,139.674669166667
"Echaurren_Norte",2014,-0.94,-2.79701000833333,2.58890855833333,0.0793754666666667,0.603825133333333,140.308021666667
"Echaurren_Norte",2015,-1.72,-1.84046441,2.97888763333333,0.227005766666667,0.616364058333333,137.440104166667
"Echaurren_Norte",2016,-2.284,-2.66092231666667,3.31192123333333,-0.03846606,0.66245725,123.655584166667
"Echaurren_Norte",2017,-0.353,-2.79788466666667,2.55141095833333,-0.0456248433333333,0.630885383333333,129.458555
"Echaurren_Norte",2018,-3.592,-1.98671474166667,2.52973975833333,0.0710353299166667,0.601190916666667,137.449238333333
"Echaurren_Norte",2019,-2.246,-0.868151375,1.62199125833333,0.245408471666667,0.546810816666667,161.092709166667
"Echaurren_Norte",2020,-2.43,-0.73003175,2.11396336666667,0.325922442333333,0.560387775,166.6204175
"Echaurren_Norte",2021,-0.7,-1.57039385833333,2.00833684166667,0.153007183333333,0.564211466666667,159.45224
"Echaurren_Norte",2022,-1.161,-2.33727250833333,2.20215650833333,0.116729434166667,0.572151483333333,151.100960833333
"Echaurren_Norte",2023,-1.125,-1.04531858333333,3.77353654166667,0.331496840833333,0.619976725,146.313219166667
"Gulkana",1976,0,-5.70366418333333,2.3594775,1.97073295833333,0.728778266666667,63.74752875
"Gulkana",1977,0.38,-5.29292205,2.52270503333333,2.30729045,0.730871833333333,63.7504938333333
"Gulkana",1978,-0.02,-4.469303625,2.3197215,2.31450186191667,0.716398016666667,61.41301325
"Gulkana",1979,-0.22,-5.85409055,2.31128460833333,2.04930133333333,0.686788158333333,63.7015125833333
"Gulkana",1980,0.56,-5.843932625,2.40355558333333,1.303657425,0.694671241666667,59.7498135833333
"Gulkana",1981,-0.18,-4.64101075,3.07339494166667,2.1660338925,0.726337125,59.7063430833333
"Gulkana",1982,-0.57,-7.63313169166667,2.2984385,1.99666675,0.702295458333333,58.2856148333333
"Gulkana",1983,0.32,-5.810945125,2.63757209166667,1.85271055833333,0.706237975,58.4747634166667
"Gulkana",1984,-0.56,-6.07152165,2.30285825833333,1.97961615583333,0.726312941666667,60.824074
"Gulkana",1985,-0.34,-6.95197325,2.90429213333333,2.62812499166667,0.7350125,53.4021671666667
"Gulkana",1986,-0.04,-5.88071686666667,2.503708,1.8838295325,0.701471933333333,61.6686865833333
"Gulkana",1987,-0.69,-5.30678326666667,2.599068975,1.87562590833333,0.729404425,59.4310238333333
"Gulkana",1988,-0.02,-5.67342573333333,2.74733359166667,1.8559424,0.746524433333333,57.0033435833333
"Gulkana",1989,-0.49,-6.25646293333333,2.36097728333333,3.01096935,0.674823708333333,63.9520279166667
"Gulkana",1990,-0.74,-6.9010481,2.93916539166667,2.92149558583333,0.725490358333333,65.6451604166667
"Gulkana",1991,-0.49,-5.7924566,2.28972854166667,2.574107625,0.733714025,63.0614453333333
"Gulkana",1992,-0.78,-6.8574035,2.46850408333333,2.64631054166667,0.748227825,56.3962678333333
"Gulkana",1993,-1.58,-4.67499636666667,2.59498405,3.4521131,0.710382341666667,66.3085014166667
"Gulkana",1994,-0.46,-6.50387459166667,2.25646185833333,1.943352975,0.721852525,63.4346943333333
"Gulkana",1995,-1.08,-5.776679,1.96079984166667,1.42058905833333,0.711790708333333,61.396229
"Gulkana",1996,-0.54,-7.27959181833333,2.122219,1.48372651833333,0.642713491666667,66.47427525
"Gulkana",1997,-2.01,-5.50415216916667,2.0622321,1.65559325833333,0.723861091666667,63.6268553333333
"Gulkana",1998,-0.52,-5.82153584166667,2.06817096666667,1.70842934166667,0.679807108333333,60.9020985833333
"Gulkana",1999,-1.48,-7.16003531666667,2.80887396666667,1.4308415,0.738667291666667,61.3261193333333
"Gulkana",2000,-0.02,-5.53129408333333,2.30160816666667,2.56438629166667,0.715412283333333,58.37283325
"Gulkana",2001,-1.02,-5.79344010833333,2.03781231666667,1.44196056833333,0.724438841666667,59.1098664166667
"Gulkana",2002,-0.6,-4.98470786666667,2.86277315,2.44035141666667,0.698704016666667,62.8909609166667
"Gulkana",2003,0.51,-5.24402835,2.26932639166667,2.38826289191667,0.688351775,67.1757418333333
"Gulkana",2004,-2.48,-5.18786891666667,2.543641325,2.10517519166667,0.699020783333333,68.3662385833333
"Gulkana",2005,-0.55,-5.05790875,2.68942941666667,1.68395168333333,0.696702666666667,67.128065
"Gulkana",2006,0.52,-7.30521875,2.6183584,1.25570539166667,0.702519408333333,61.9223478333333
"Gulkana",2007,-0.13,-6.28381016666667,2.07577229166667,0.913641343333333,0.729204808333333,68.4964313333333
"Gulkana",2008,1.4,-7.294917075,2.48425590833333,1.62609466666667,0.741664183333334,59.2977896666667
"Gulkana",2009,-0.51,-6.09207475,2.0124763,2.16877424166667,0.705475941666667,67.73504175
"Gulkana",2010,-1.57,-5.59294761666667,2.18547316666667,1.0074498975,0.701239675,63.9528265833333
"Gulkana",2011,-1.58,-6.72746453333333,2.29361959166667,1.29351119166667,0.733896033333333,63.0943361666667
"Gulkana",2012,-0.31,-7.61976906666667,2.52392875833333,0.943198041666667,0.724268975,59.5313645
"Gulkana",2013,-1.13,-5.89726371891667,3.0796315,2.79529731666667,0.727122158333333,62.8536023333333
"Gulkana",2014,0.01,-4.85314843333333,2.13348146666667,1.6270494,0.669060991666667,65.6609845833333
"Gulkana",2015,-1.23,-5.07864929166667,2.58706208333333,2.57025158333333,0.690459033333333,66.37739825
"Gulkana",2016,-1.26,-3.75537341666667,1.98436155833333,1.99749895833333,0.681967383333333,64.2480389166667
"Gulkana",2017,-1.84,-5.43962205833333,2.36053610833333,1.47534586666667,0.711383983333333,66.4162423333333
"Gulkana",2018,-0.36,-4.77361850833333,2.88287308333333,2.46921925,0.679885616666667,61.8737928333333
"Gulkana",2019,-1.46,-3.73179033333333,2.70136975,3.17342006666667,0.708484358333333,65.8426470833333
"Gulkana",2020,-0.21,-6.46583765833333,2.60790295833333,2.19546642833333,0.712323033333333,63.71510825
"Gulkana",2021,-0.71,-6.930325775,2.45813455833333,2.68653481666667,0.703222691666667,64.2907049166667
"Gulkana",2022,-1.05,-5.320893775,3.52821825833333,2.45402437583333,0.724860291666667,63.3776759166667
"Gulkana",2023,-0.4,-5.29472101666667,2.80696663333333,2.55338723333333,0.750078175,58.1129028333333
"Hintereisferner",1976,-0.314,-2.891799675,3.006341525,1.26088545833333,0.68994875,84.1128933333333
"Hintereisferner",1977,0.76,-1.934353875,3.41689358333333,1.69216329166667,0.70523395,81.9530225
"Hintereisferner",1978,0.411,-2.61883389166667,3.2089315,1.60260999416667,0.684022075,80.3402566666667
"Hintereisferner",1979,-0.219,-2.80066166666667,3.64758391666667,1.51356226666667,0.708112475,81.3920233333333
"Hintereisferner",1980,-0.05,-3.0784504825,2.89819991666667,2.01307558333333,0.689741416666667,82.3361941666667
"Hintereisferner",1981,-0.173,-2.80357333333333,3.59836970833333,2.15840576666667,0.692355858333333,86.5673991666667
"Hintereisferner",1982,-1.24,-1.81156441666667,3.206569575,1.385779975,0.6752831,91.0354075
"Hintereisferner",1983,-0.58,-1.413978275,3.37537108333333,1.96670806666667,0.643980866666667,93.98232
"Hintereisferner",1984,0.032,-3.18160976666667,2.85782691666667,1.4557153475,0.667751425,85.2532083333333
"Hintereisferner",1985,-0.574,-2.45224241666667,3.08303579166667,1.9896796525,0.673106116666667,94.7003866666667
"Hintereisferner",1986,-0.732,-2.08755463333333,3.02706025,1.77830373,0.683029791666667,96.6129016666667
"Hintereisferner",1987,-0.717,-2.10649625,3.31876658333333,2.012545775,0.690264241666667,88.6232608333333
"Hintereisferner",1988,-0.945,-1.641675,3.331561,2.16355061666667,0.698389733333333,97.1630791666667
"Hintereisferner",1989,-0.637,-1.563634225,2.74151348333333,1.35606180833333,0.622005308333333,93.6151641666667
"Hintereisferner",1990,-0.995,-1.68082408333333,3.07925805,1.74138129166667,0.644835791666667,98.9127041666667
"Hintereisferner",1991,-1.325,-2.225509,2.98280991666667,1.36498531666667,0.657706808333333,94.0127966666667
"Hintereisferner",1992,-1.12,-1.3829245,3.2154669,1.59708440833333,0.663903333333333,92.1606233333333
"Hintereisferner",1993,-0.57,-1.96988441666667,3.04985358333333,1.98157410833333,0.670929491666667,92.0153375
"Hintereisferner",1994,-1.11,-0.428947566666667,2.75616,2.26448200833333,0.678604783333333,99.9311358333333
"Hintereisferner",1995,-0.46,-1.880732,3.040640125,1.79179340833333,0.696026366666667,91.4944158333333
"Hintereisferner",1996,-0.827,-2.40058355,3.22746431666667,1.31682253333333,0.688039258333334,93.1735016666667
"Hintereisferner",1997,-0.591,-1.05845424166667,3.18183819166667,1.98980876666667,0.65071675,99.652655
"Hintereisferner",1998,-1.232,-1.59689083333333,3.076269175,2.19579260833333,0.658733275,95.079505
"Hintereisferner",1999,-0.861,-1.65386134166667,3.94009125,1.87343853333333,0.704757075,90.7407325
"Hintereisferner",2000,-0.633,-1.20475035,3.96015508333333,2.02206140416667,0.686139233333333,97.66225
"Hintereisferner",2001,-0.173,-1.562230475,3.39186975,1.88009326666667,0.68903045,95.80739
"Hintereisferner",2002,-0.624,-0.652147791666667,3.74301753333333,1.56357538333333,0.676842125,93.9478325
"Hintereisferner",2003,-1.796,-0.982685916666667,2.39619279166667,1.30122494583333,0.605751433333333,106.826648333333
"Hintereisferner",2004,-0.651,-1.34654975,2.73475708333333,1.73430004166667,0.667256433333333,97.8041291666667
"Hintereisferner",2005,-1.022,-1.67002566666667,2.94979308333333,1.48942386666667,0.669111241666667,102.568090833333
"Hintereisferner",2006,-1.493,-0.608922666666667,2.66531641666667,1.70326607916667,0.641180375,101.983810833333
"Hintereisferner",2007,-1.813,-0.441647908333333,3.08344085833333,1.82697036666667,0.670558325,100.8378175
"Hintereisferner",2008,-1.246,-0.636029333333333,3.39969748333333,1.42425511916667,0.690907025,97.4343141666667
"Hintereisferner",2009,-1.182,-1.08445644833333,3.12373558333333,1.68156811666667,0.691917866666667,99.7118083333333
"Hintereisferner",2010,-0.792,-1.84315463333333,3.32197641666667,1.38616621666667,0.71589445,95.06222
"Hintereisferner",2011,-1.423,-0.340759525,2.56619666666667,1.44438158166667,0.6278017,96.8815025
"Hintereisferner",2012,-1.561,-1.1977277,3.38406825,1.69622988333333,0.676506158333333,85.6310533333333
"Hintereisferner",2013,-0.51,-0.988482275,3.63075883333333,1.34213075,0.698864375,92.0806875
"Hintereisferner",2014,-0.122,-0.0098419583333332,3.23580158333333,1.18418634166667,0.708197291666667,90.8448083333333
"Hintereisferner",2015,-1.682,0.292317708333333,2.77667629166667,1.63054023916667,0.635814316666667,98.1920208333334
"Hintereisferner",2016,-1.263,0.0389175250000001,3.45285275,1.456314375,0.678591191666667,99.5238641666667
"Hintereisferner",2017,-1.826,-0.310828833333333,3.32162466666667,2.08780358333333,0.656493716666667,107.154743333333
"Hintereisferner",2018,-1.963,0.1927245,3.30605766666667,1.04659495,0.699491958333333,103.494556666667
"Hintereisferner",2019,-0.68,-0.0890981583333339,4.1115185,1.43161234583333,0.666132358333333,92.5089816666667
"Hintereisferner",2020,-0.97,0.102564491666667,3.55265689166667,1.5634267,0.640285716666667,100.515961666667
"Hintereisferner",2021,-0.668,-0.916923916666667,3.28714791666667,1.764408225,0.645133041666667,101.02782
"Hintereisferner",2022,-3.319,0.575345166666667,3.11467773333333,2.223792525,0.6285424,110.88638
"Hintereisferner",2023,-2.189,0.778513416666667,3.98221983333333,2.17254948333333,0.681554875,101.8388
"Hellstugubreen",1976,-0.715,-3.017433085,2.41244625,5.05476186666667,0.62511115,61.0053683333333
"Hellstugubreen",1977,-0.685,-2.90335809333333,2.41571889166667,4.53871615833333,0.66868305,60.164777
"Hellstugubreen",1978,-0.482,-2.81418144166667,2.88202241666667,5.48150075,0.644283133333333,62.4597923333333
"Hellstugubreen",1979,0.01,-3.70970224166667,3.21591858333333,5.39679408333333,0.657230183333333,50.5868498333333
"Hellstugubreen",1980,-1.197,-2.494584,3.09678883333333,4.38769303333333,0.631042333333333,66.5233265
"Hellstugubreen",1981,-0.338,-3.10929141666667,2.83108166666667,5.22056046666667,0.650494916666667,62.8286291666667
"Hellstugubreen",1982,-0.367,-1.835843375,2.51989783333333,7.95067808333333,0.6358497,66.96448725
"Hellstugubreen",1983,0.156,-1.80406425,3.878658225,8.22263379166667,0.669416408333333,56.1846331666667
"Hellstugubreen",1984,-0.522,-2.02447525,2.61059841666667,4.151899755,0.651492325,60.3375154166667
"Hellstugubreen",1985,-0.306,-3.53532901666667,2.57716116666667,4.92138775,0.657571433333333,55.383552
"Hellstugubreen",1986,-0.507,-3.47860141666667,3.11392325833333,5.58541756,0.657515733333333,55.6007995
"Hellstugubreen",1987,0.441,-2.86106089666667,2.64475791666667,4.6991075,0.6393529,58.423568
"Hellstugubreen",1988,-1.046,-1.781649,3.25309270833333,5.53315635,0.688758933333333,62.0991409166667
"Hellstugubreen",1989,0.787,-1.12047583333333,3.39695383333333,8.50253191666667,0.659192541666667,66.7187725833333
"Hellstugubreen",1990,0.724,-0.89704625,3.91866575,7.46613375,0.668394191666667,64.7504444166667
"Hellstugubreen",1991,-0.418,-1.62673875833333,2.59752208333333,6.56240949166667,0.61910645,65.2930763333333
"Hellstugubreen",1992,0.185,-1.51336675,3.21391006666667,7.49894583333333,0.642330483333333,65.8642520833333
"Hellstugubreen",1993,0.341,-2.442034,2.93411186666667,5.92100895,0.615397608333333,67.1628545
"Hellstugubreen",1994,0.123,-2.5842619425,2.948402125,6.70259635833333,0.645321891666667,60.0251245833333
"Hellstugubreen",1995,-0.064,-2.1487022175,2.893092325,6.92504591666667,0.6512482,64.8518415
"Hellstugubreen",1996,-0.677,-2.470802375,2.31717336666667,4.0016716,0.594725283333333,65.8760294166667
"Hellstugubreen",1997,-1.586,-1.41396324166667,3.21681116666667,6.62375335,0.638328591666667,61.76475525
"Hellstugubreen",1998,0.031,-1.857180275,3.109989,5.96806165,0.691228625,56.6025340833333
"Hellstugubreen",1999,-0.364,-1.40649443166667,3.03135891666667,6.02284533333334,0.667382266666667,64.932335
"Hellstugubreen",2000,0.194,-0.725909,3.89698866666667,5.50412380833333,0.684768066666667,61.16199525
"Hellstugubreen",2001,-0.361,-2.07004023333333,2.79537266666667,5.4256825,0.651371541666667,61.6546821666667
"Hellstugubreen",2002,-1.409,-0.96449515,2.77407084166667,4.75627119166667,0.6317706,71.883287
"Hellstugubreen",2003,-1.433,-0.970285958333333,2.885233125,6.223242025,0.625194508333333,63.0316243333333
"Hellstugubreen",2004,-0.814,-0.888967191666667,3.22326266666667,5.94417308333333,0.666691533333334,66.11450275
"Hellstugubreen",2005,-0.259,-0.903635458333333,3.19816008333333,6.65940454166667,0.644341008333333,63.6116125
"Hellstugubreen",2006,-1.988,-0.3042195,2.99297270833333,5.70132210833333,0.651761616666667,69.6634845
"Hellstugubreen",2007,-0.646,-0.9804309,3.318558,7.29294444166667,0.658336375,63.6091876666667
"Hellstugubreen",2008,-0.027,-1.23550441666667,3.49827358333333,5.79545734166667,0.661393725,66.392439
"Hellstugubreen",2009,-0.234,-1.32657625,2.98070891666667,5.03779465833333,0.664517116666667,66.98679
"Hellstugubreen",2010,-1.339,-3.19055376666667,2.56571530833333,3.23559028333333,0.657823033333333,67.3820615833333
"Hellstugubreen",2011,-2.041,-1.13465114166667,3.94727108333333,7.68530284166667,0.673884391666667,55.2468264166667
"Hellstugubreen",2012,-0.018,-2.08606709166667,3.315866,6.19631015833333,0.72468595,59.9075493333333
"Hellstugubreen",2013,-0.779,-1.51043183333333,3.29250633333333,5.74837035833333,0.638823875,64.857566
"Hellstugubreen",2014,-1.22,0.0366995333333334,3.33869491666667,4.95661350583333,0.666223741666667,69.9772395833333
"Hellstugubreen",2015,0.475,-0.625569675,3.50011508333333,7.942764525,0.674540258333333,60.8114826666667
"Hellstugubreen",2016,-0.339,-0.680224083333334,3.20883583333333,5.83022369166667,0.668605291666667,68.2740129166667
"Hellstugubreen",2017,-0.591,-1.078241975,3.35860866666667,6.76845875833333,0.679234983333333,60.9580994166667
"Hellstugubreen",2018,-1.63,-0.786334166666667,2.89729255833333,5.67487669166667,0.615158816666667,73.549094
"Hellstugubreen",2019,-1.873,-0.846153425,3.18693956666667,6.03427239166667,0.680410641666667,64.9439535
"Hellstugubreen",2020,-0.436,-0.102877316666667,3.766555,7.63933499166667,0.687033808333333,62.1841484166667
"Hellstugubreen",2021,-1.279,-1.15816475,2.85235416666667,5.54286939166667,0.642615158333333,67.4091691666667
"Hellstugubreen",2022,-0.94,-0.8332598,3.21443749166667,7.35303675,0.64122365,62.68177275
"Hellstugubreen",2023,-1.04,-1.66164348333333,3.78099466666667,4.85569350416667,0.664252866666667,64.4722935
"Meighen_Ice_Cap",1976,0.08,-18.2988432083333,0.661770708333333,0.8945573,0.703311008333333,18.7775905158333
"Meighen_Ice_Cap",1977,-0.24,-18.54097775,0.4960771775,-0.141670916666667,0.691785308333333,19.8064997325
"Meighen_Ice_Cap",1978,-0.09,-17.4469104166667,0.7022484,0.192266316666667,0.697807041666667,19.2816685241667
"Meighen_Ice_Cap",1979,-0.005,-16.7733064416667,0.571035775,-0.532250433333333,0.655400575,19.9207951891667
"Meighen_Ice_Cap",1980,-0.005,-15.6071159808333,0.860919541666667,0.489087533333333,0.673412975,20.0219135183333
"Meighen_Ice_Cap",1981,-0.17,-14.212536725,0.88236335,0.0967793833333334,0.679143375,20.08396906
"Meighen_Ice_Cap",1982,0.16,-16.4648400833333,0.621601808333333,-0.408568183333333,0.682741866666667,19.7220005233333
"Meighen_Ice_Cap",1983,-0.25,-16.0482258666667,0.958966325,1.33820691666667,0.7233931,18.6222054641667
"Meighen_Ice_Cap",1984,0.23,-17.1867185083333,0.740519258333333,0.4204078,0.713824341666667,18.3823291941667
"Meighen_Ice_Cap",1985,-0.03,-17.2043514041667,0.686766285833333,-0.665834866666667,0.702824391666667,19.043188485
"Meighen_Ice_Cap",1986,0.25,-16.5240079833333,0.682365833333333,0.362569141666667,0.702225808333333,19.7435691575
"Meighen_Ice_Cap",1987,-0.18,-16.6918535416667,0.582183641666667,0.298050766666667,0.703586175,21.2627832558333
"Meighen_Ice_Cap",1988,-0.29,-15.1748381666667,0.777370258333333,1.74518855,0.697869616666667,19.9303933075
"Meighen_Ice_Cap",1989,0.29,-17.020091935,0.98235735,1.81578204166667,0.742138491666667,17.21981105
"Meighen_Ice_Cap",1990,-0.21,-15.67891645,0.6321683,0.170182916666667,0.727386708333333,19.5916951325
"Meighen_Ice_Cap",1991,-0.22,-15.9978723441667,0.804507483333333,0.915274574166667,0.702685533333333,18.6326670633333
"Meighen_Ice_Cap",1992,0.01,-16.40981535,0.746752575,1.43923412333333,0.658946783333333,18.7656077441667
"Meighen_Ice_Cap",1993,-0.59,-16.280395275,0.48207945,0.00728915833333332,0.670101175,20.2093701441667
"Meighen_Ice_Cap",1994,-0.2,-15.3359389166667,1.255520575,1.86555123333333,0.669437716666667,19.5006714241667
"Meighen_Ice_Cap",1995,0.06,-16.0799934583333,0.519838778333333,-0.697709716666667,0.646234991666667,20.7076621891667
"Meighen_Ice_Cap",1996,0.19,-15.396085925,0.959824814166667,0.770564766666667,0.701573666666667,18.7220630616667
"Meighen_Ice_Cap",1997,-0.06,-16.1169587833333,0.814945916666666,0.66081585,0.65180605,19.5404711108333
"Meighen_Ice_Cap",1998,-0.1,-14.734165375,0.749367225,0.0953994833333333,0.611929441666667,19.3913373741667
"Meighen_Ice_Cap",1999,-0.35,-16.5153892,0.494005258333333,0.144614391666667,0.6588007,20.7231608908333
"Meighen_Ice_Cap",2000,-0.49,-16.3629497916667,0.63587625,-0.0051889083333333,0.685637991666667,20.5526309275
"Meighen_Ice_Cap",2001,0.01,-16.5993427666667,0.650268458333333,1.32746843333333,0.696732216666667,19.5487531108333
"Meighen_Ice_Cap",2002,0.08,-15.3460432416667,0.818262018333333,-0.182334441666667,0.688860658333333,19.1973222575
"Meighen_Ice_Cap",2003,-0.53,-14.8001832333333,0.762277591666667,-0.399643925833333,0.679021575,20.8106593241667
"Meighen_Ice_Cap",2004,0.28,-17.2877705186667,0.635253583333333,-1.43819050833333,0.710210783333333,19.3282657025
"Meighen_Ice_Cap",2005,-0.38,-14.9513171333333,0.62173005,-0.155239575,0.679807291666667,20.6920189425
"Meighen_Ice_Cap",2006,-0.008,-14.816527675,0.701390733333333,1.389789775,0.705172108333333,19.3961345583333
"Meighen_Ice_Cap",2007,-0.518,-16.3552207583333,0.465380858333333,-0.333443511666667,0.67276855,20.5750188741667
"Meighen_Ice_Cap",2008,-0.705,-16.22374145,0.617249108333333,-0.61350115,0.658770691666667,21.175360345
"Meighen_Ice_Cap",2009,-0.676,-15.7707629,0.712053708333333,0.850584216666667,0.6965564,20.0091306908333
"Meighen_Ice_Cap",2010,-0.387,-14.1253565166667,0.658546230833333,0.865822191666667,0.674934166666667,19.6641169741667
"Meighen_Ice_Cap",2011,-1.31,-16.0327244141667,0.716493191666667,0.1080159,0.694570841666667,21.2376526975
"Meighen_Ice_Cap",2012,-1.117,-16.0377923333333,0.588599041666667,0.37808345,0.713600816666667,19.7182287641667
"Meighen_Ice_Cap",2013,0.16,-16.3560452833333,0.867553091666667,0.380741738333333,0.705627158333333,18.7049946933333
"Meighen_Ice_Cap",2014,0.057,-16.070852025,0.546595725,-0.563394157583333,0.676678475,19.3183738025
"Meighen_Ice_Cap",2015,-0.892,-14.8652382025,0.703617966666667,0.222895475,0.674602241666667,20.5898176825
"Meighen_Ice_Cap",2016,-0.791,-14.8519487675,1.05902432583333,0.338373841666667,0.670939458333333,18.993422855
"Meighen_Ice_Cap",2017,0.126,-15.27271975,0.868419441666667,0.528825775,0.703326475,19.3185931266667
"Meighen_Ice_Cap",2018,0.199,-14.8185633416667,0.866092191666667,-0.914431191666667,0.71802895,19.8758314508333
"Meighen_Ice_Cap",2019,-0.956,-14.2785138333333,0.721627941666667,-0.988731383333333,0.675530516666667,20.7218964233333
"Meighen_Ice_Cap",2020,-0.726,-15.4173862083333,0.652610583333333,0.0504050999999999,0.700373,20.3836493933333
"Meighen_Ice_Cap",2021,-0.131,-14.8972387333333,0.812719075,-0.338218405,0.716768916666667,18.6910932533333
"Meighen_Ice_Cap",2022,-0.451,-16.1374673166667,0.545490375,0.268196374166667,0.677814233333333,18.8622134675
"Meighen_Ice_Cap",2023,-0.615,-14.8264985333333,0.758735941666667,0.909898333333333,0.68227705,19.3103786325
"South_Cascade",1976,0.79,1.83012425833333,4.759679175,6.9270675,0.580847941666667,115.196533333333
"South_Cascade",1977,-1.46,2.23671458333333,5.61600125,6.78459383333333,0.573724658333333,125.572874166667
"South_Cascade",1978,-0.54,2.21696995833333,4.44216458333333,5.48929008333333,0.612615908333333,119.585643333333
"South_Cascade",1979,-1.72,2.56310301666667,4.93957533333333,5.429950425,0.566095091666667,128.7630175
"South_Cascade",1980,-1.18,2.61789716666667,5.4495875,5.657771625,0.605148733333333,118.902046666667
"South_Cascade",1981,-1,2.87528735833333,5.28116998333333,5.45225803333333,0.60426965,118.664065833333
"South_Cascade",1982,-0.08,1.92877413333333,6.19419958333333,5.46481550333333,0.633816591666667,119.060033333333
"South_Cascade",1983,-0.93,2.64639265833333,6.00004491666667,5.11261791666667,0.618653458333333,117.785620833333
"South_Cascade",1984,-0.04,1.97453029583333,5.60686501666667,6.75414758333334,0.629082591666667,118.289768333333
"South_Cascade",1985,-1.36,1.77957958333333,4.0937779,6.11975491666667,0.553958691666667,128.907121666667
"South_Cascade",1986,-0.92,3.09578635833333,5.27257280833333,6.19321191666667,0.580749141666667,123.510285
"South_Cascade",1987,-2.22,3.78005793833333,4.372816725,5.60050391666667,0.564009608333333,131.815371666667
"South_Cascade",1988,-1.28,3.27234883333333,5.60188745833333,7.03973808333333,0.5783873,126.121255
"South_Cascade",1989,-1.34,2.76418858333333,5.15794360833333,5.713001,0.601113391666667,123.9689425
"South_Cascade",1990,-0.4,2.8659031025,7.51376931666667,7.14213508333333,0.620412875,118.9661675
"South_Cascade",1991,-0.44,3.067802725,5.41662520833333,6.3632015,0.607013191666667,123.785023333333
"South_Cascade",1992,-2.43,3.91462389166667,4.55520633333333,6.24563125,0.554567591666667,128.8755325
"South_Cascade",1993,-1.1,2.42911255833333,4.11539855833333,4.0693896,0.595187733333333,122.0548875
"South_Cascade",1994,-1.83,3.29080764166667,5.83018439166667,6.04182448333333,0.5867204,129.602993333333
"South_Cascade",1995,-1.12,2.9099807,6.26568858333333,5.36868515833333,0.601261283333333,124.096709166667
"South_Cascade",1996,-0.22,2.013519,6.40498125,7.19020216666667,0.610787608333333,121.710818333333
"South_Cascade",1997,0.19,2.68553358333333,6.45418741666667,6.47386691666667,0.612774258333333,119.840798333333
"South_Cascade",1998,-1.99,3.51065025,5.659200625,4.94788666666667,0.6302744,124.1189675
"South_Cascade",1999,1.2,2.37488825833333,6.64775425,7.1556015,0.621818308333333,118.070139166667
"South_Cascade",2000,0.43,2.19858583333333,4.07296999166667,6.35468541666667,0.57898635,125.2588125
"South_Cascade",2001,-0.9,2.67041592166667,4.97391408333333,6.804658,0.587763875,123.93954
"South_Cascade",2002,0.38,2.85684694666667,4.95057426666667,6.35849366666667,0.580494916666667,126.965013333333
"South_Cascade",2003,-2.42,3.38416250833333,5.612263025,6.16832475,0.583347333333333,129.416190833333
"South_Cascade",2004,-1.73,4.00416276666667,4.74554718333333,5.70592368333333,0.606300941666667,128.653059166667
"South_Cascade",2005,-2.52,3.409695775,4.47977705,5.33270466666667,0.581085775,130.027555
"South_Cascade",2006,-1.29,3.06232975,6.26773549166667,5.79376708333333,0.5833641,130.247613333333
"South_Cascade",2007,-0.07,2.60216774166667,5.68473691666667,7.02172633333333,0.589679733333333,123.4248125
"South_Cascade",2008,0.1,2.2006430225,4.742977425,6.64400533333333,0.602277475,123.064289166667
"South_Cascade",2009,-1.73,2.60476455833333,5.0910835,6.06294858333333,0.57593305,131.0123
"South_Cascade",2010,-0.33,2.981687025,5.34706686666667,4.93465175,0.630856025,122.771653333333
"South_Cascade",2011,1.33,1.82299066666667,5.90128190833333,7.23446775,0.603360708333333,118.719035833333
"South_Cascade",2012,0.01,2.95880091666667,6.58064774166667,6.6862615,0.619697216666667,122.027131666667
"South_Cascade",2013,-0.76,2.91075361666667,4.99204221666667,6.16626175,0.586741416666667,124.7293875
"South_Cascade",2014,-0.28,3.66444625,6.53488883333333,6.45326825,0.601609833333333,124.195278333333
"South_Cascade",2015,-3.52,4.75432566666667,5.24294720833333,5.948285925,0.565720316666667,134.558713333333
"South_Cascade",2016,-0.9,3.79301924583333,5.91364875,5.58849258333333,0.63073035,124.132135
"South_Cascade",2017,-0.71,3.19344841666667,5.829325225,6.24378625,0.597498125,129.942558333333
"South_Cascade",2018,-0.75,3.55272969166667,5.62526074166667,6.10878408333333,0.610362375,127.956756666667
"South_Cascade",2019,-2.07,3.03639730833333,4.167303175,4.889849475,0.610371533333333,125.222235
"South_Cascade",2020,-0.16,3.1995015,6.48953133333333,8.04445325,0.586646016666667,122.768889166667
"South_Cascade",2021,-1.32,3.21332508333333,6.232573425,7.27477966666667,0.600779916666667,128.243299166667
"South_Cascade",2022,-1.35,3.19208486666667,5.23162050833333,6.18239733333333,0.5846776,125.825891666667
"South_Cascade",2023,-2.62,3.74550680833333,4.16081723333333,4.53998025833333,0.605128491666667,130.37938
"Tsentralniy_Tuyuksuyskiy",1976,-0.72,-1.48754135833333,3.24870275833333,1.93663158333333,0.679288708333333,96.5660933333333
"Tsentralniy_Tuyuksuyskiy",1977,-1.1,-0.649724866666667,2.77651266666667,1.80562841666667,0.6512882,108.679065
"Tsentralniy_Tuyuksuyskiy",1978,-1.48,-0.788046258333333,3.22805574166667,1.75102408333333,0.657962766666667,104.009786666667
"Tsentralniy_Tuyuksuyskiy",1979,-0.52,-1.21824713333333,3.112274575,1.89222666666667,0.667925175,93.6269475
"Tsentralniy_Tuyuksuyskiy",1980,-0.63,-0.402951808333333,3.67000545,1.70892516666667,0.685152641666667,98.9830183333333
"Tsentralniy_Tuyuksuyskiy",1981,0.11,-1.20699345,3.87775041666667,1.57773444166667,0.708553366666667,91.5398366666667
"Tsentralniy_Tuyuksuyskiy",1982,-0.63,-1.29209121666667,3.36255138333333,1.22489569166667,0.675174558333333,98.2393075
"Tsentralniy_Tuyuksuyskiy",1983,-0.54,-0.784517808333333,3.2030015,1.80527383333333,0.667257966666667,97.2268183333333
"Tsentralniy_Tuyuksuyskiy",1984,-1.25,-2.0470915,3.05499225,1.96697816666667,0.667197508333333,101.266844166667
"Tsentralniy_Tuyuksuyskiy",1985,-0.55,-1.07027133333333,3.37963641666667,1.7776783,0.642984183333333,99.3033316666667
"Tsentralniy_Tuyuksuyskiy",1986,-0.52,-1.20124108333333,3.50845558333333,1.640782,0.676515608333333,96.0567308333333
"Tsentralniy_Tuyuksuyskiy",1987,-0.34,-0.781232733333333,3.989072,1.8322515,0.708977075,88.7808858333333
"Tsentralniy_Tuyuksuyskiy",1988,-0.61,-0.643957,3.63225991666667,1.78398533333333,0.676997191666667,97.6991141666667
"Tsentralniy_Tuyuksuyskiy",1989,-0.46,-1.74079871,3.19861925,1.57615505,0.68725875,92.6850841666666
"Tsentralniy_Tuyuksuyskiy",1990,-0.96,-0.311814775,3.48715933333333,1.78542358333333,0.672332275,102.394871666667
"Tsentralniy_Tuyuksuyskiy",1991,-1.1,-0.876037225,2.99811816666667,1.4622781,0.679316541666667,102.381013333333
"Tsentralniy_Tuyuksuyskiy",1992,-0.24,-1.15473341666667,3.87177749166667,1.64797861666667,0.697792866666667,92.3576175
"Tsentralniy_Tuyuksuyskiy",1993,0.602,-1.48787446666667,4.12333533333333,1.89772291666667,0.732250725,92.6881891666666
"Tsentralniy_Tuyuksuyskiy",1994,-0.443,-1.4162495,3.68747941666667,1.69817683333333,0.682429691666667,97.6631366666667
"Tsentralniy_Tuyuksuyskiy",1995,-0.587,-1.13844304166667,3.278800875,1.50730386666667,0.6594121,104.293134166667
"Tsentralniy_Tuyuksuyskiy",1996,-0.456,-1.77690608333333,3.66552675,1.82808325,0.700218283333333,95.0606475
"Tsentralniy_Tuyuksuyskiy",1997,-1.467,-0.0479554166666662,3.10650283333333,1.61805379166667,0.677018441666667,108.454473333333
"Tsentralniy_Tuyuksuyskiy",1998,-0.359,-0.555705158333334,4.08525108333333,1.74118001666667,0.692854991666667,94.0208625
"Tsentralniy_Tuyuksuyskiy",1999,-0.23,-0.782148266666666,4.13057333333333,1.7411015,0.694204366666667,89.51345
"Tsentralniy_Tuyuksuyskiy",2000,-0.113,-0.96535325,3.71635391666667,2.00113341666667,0.688384716666667,95.332385
"Tsentralniy_Tuyuksuyskiy",2001,-0.555,-0.575576175,4.04179866666667,1.89276625,0.670793608333333,98.059345
"Tsentralniy_Tuyuksuyskiy",2002,-0.302,-0.117100838333333,4.15944125,1.76135833333333,0.702046541666667,97.5900808333333
"Tsentralniy_Tuyuksuyskiy",2003,0.359,-1.09564980833333,3.68994308333333,1.86889041666667,0.696139541666667,94.1678625
"Tsentralniy_Tuyuksuyskiy",2004,0.062,-0.416305333333334,3.61047125,1.88799925,0.680864475,99.0895608333334
"Tsentralniy_Tuyuksuyskiy",2005,-0.34,-0.820569008333334,3.56905333333333,1.62404575,0.681634166666667,100.037330833333
"Tsentralniy_Tuyuksuyskiy",2006,-0.969,-0.27485065,3.47195566666667,1.78867625,0.681956341666667,102.996798333333
"Tsentralniy_Tuyuksuyskiy",2007,-0.915,-0.283223333333333,3.71899143333333,1.62698908333333,0.6554958,103.958505833333
"Tsentralniy_Tuyuksuyskiy",2008,-1.357,-0.541934366666667,3.50001983333333,1.50314424166667,0.66602795,104.484983333333
"Tsentralniy_Tuyuksuyskiy",2009,0.206,-1.06148788666667,3.781378325,1.76925248333333,0.664724625,95.3355566666667
"Tsentralniy_Tuyuksuyskiy",2010,0.032,-0.239221999166666,3.72644246666667,1.81814360833333,0.678037083333333,96.5917333333334
"Tsentralniy_Tuyuksuyskiy",2011,-0.314,-0.853599366666666,3.51887699166667,1.60708125,0.668989983333333,100.602449166667
"Tsentralniy_Tuyuksuyskiy",2012,-1.023,-1.481071,2.75360411666667,1.62643865833333,0.648782216666667,104.296245833333
"Tsentralniy_Tuyuksuyskiy",2013,-0.34,-0.3613206,3.16693916666667,1.617424725,0.64802925,104.593928333333
"Tsentralniy_Tuyuksuyskiy",2014,-1.088,-1.58127916666667,3.34834425,1.816109,0.643532316666667,102.688663333333
"Tsentralniy_Tuyuksuyskiy",2015,-0.756,-0.24457555,3.72336441666667,1.77332325,0.673728691666667,98.69124
"Tsentralniy_Tuyuksuyskiy",2016,0.561,0.1430075,4.12986895,1.94988160833333,0.69176495,100.732011666667
"Tsentralniy_Tuyuksuyskiy",2017,-1.113,-0.577104725,3.489505,1.6145188,0.664684125,103.266340833333
"Tsentralniy_Tuyuksuyskiy",2018,-0.075,-1.01701585833333,3.63271066666667,1.9575885,0.671971033333333,100.35111
"Tsentralniy_Tuyuksuyskiy",2019,-0.58,-0.541166333333333,3.64257466666667,1.68148833333333,0.673406433333333,100.928376666667
"Tsentralniy_Tuyuksuyskiy",2020,-0.287,-0.888499583333333,3.4936543,1.52811461666667,0.681500016666667,103.442255
"Tsentralniy_Tuyuksuyskiy",2021,-0.609,-0.281959375,3.2218517,1.91266033333333,0.637533283333333,106.679703333333
"Tsentralniy_Tuyuksuyskiy",2022,-1.13,0.326349233333333,3.78623048333333,1.68069900833333,0.682268316666667,109.414718333333
"Tsentralniy_Tuyuksuyskiy",2023,-0.488,0.345027216666666,3.52405875,1.8060291,0.65653095,103.270976666667
