"glacier_name","year","glacier_mass_balance","temperature","precipitation","wind_speed","humidity","long_wave_radiation"
"Austre_Broeggerbreen",1976,-0.45,-11.3982670166667,1.26703471666667,6.52463716666667,2.13871060833333,-35.6506366666667
"Austre_Broeggerbreen",1977,-0.11,-12.6319554533333,1.05730305833333,5.54226866666667,-5.360432075,-34.6938175
"Austre_Broeggerbreen",1978,-0.56,-13.6436405583333,0.764191341666667,5.44989575,-1.72042977183333,-39.1665483333333
"Austre_Broeggerbreen",1979,-0.71,-11.9911789833333,1.01844310833333,6.34773558333333,-4.67760075833333,-34.8162841666667
"Austre_Broeggerbreen",1980,-0.52,-11.8707739333333,0.909553291666667,5.84284416666667,-1.50975486666667,-39.1749325
"Austre_Broeggerbreen",1981,-0.55,-11.28726,1.04998941666667,6.31221441666667,-3.04321158333333,-38.0695083333333
"Austre_Broeggerbreen",1982,-0.04,-10.7066771083333,1.29040051666667,6.360697,-4.85154846666667,-34.4866741666667
"Austre_Broeggerbreen",1983,-0.27,-12.7781311991667,0.946309475,6.073536,-4.15324433333333,-39.5612958333333
"Austre_Broeggerbreen",1984,-0.73,-9.838710225,1.39335626666667,6.47274983333333,-4.03905148333333,-32.5964091666667
"Austre_Broeggerbreen",1985,-0.55,-10.8198220083333,0.886484508333333,5.85910225,-3.46941639166667,-36.7880525
"Austre_Broeggerbreen",1986,-0.32,-12.033354175,0.904603083333333,5.40723291666667,-1.5957447325,-35.58637
"Austre_Broeggerbreen",1987,0.22,-12.2816518966667,0.885906391666667,5.91366691666667,-3.91479525,-36.3518475
"Austre_Broeggerbreen",1988,-0.52,-13.2944583416667,0.643514283333333,5.39197916666667,-0.501441475,-38.0585741666667
"Austre_Broeggerbreen",1989,-0.45,-12.9384860683333,1.1513871,5.81636425,-4.86329043333333,-35.665365
"Austre_Broeggerbreen",1990,-0.66,-10.15971865,1.34305118333333,6.39444108333333,-5.07085930833333,-34.7155641666667
"Austre_Broeggerbreen",1991,0.13,-12.0281332,0.987321458333334,5.48240166666667,-2.25814028333333,-38.8951466666667
"Austre_Broeggerbreen",1992,-0.1,-11.1413735308333,1.29149515,6.082736,-2.45563413333333,-35.4839191666667
"Austre_Broeggerbreen",1993,-1.03,-12.9944692105,1.15445106666667,6.13954733333333,-1.75969265833333,-34.8178315
"Austre_Broeggerbreen",1994,-0.16,-12.7241041233333,0.79394265,6.12218841666667,-2.794098275,-36.2607316666667
"Austre_Broeggerbreen",1995,-0.78,-11.684981155,1.113320125,6.34643933333333,-3.73682423333333,-32.9018658333333
"Austre_Broeggerbreen",1996,-0.17,-10.7960174075,1.11856854166667,6.17796316666667,-4.2523825,-35.1414508333333
"Austre_Broeggerbreen",1997,-0.71,-10.8018887741667,0.937458258333333,5.86735666666667,-4.4719323,-38.7054491666667
"Austre_Broeggerbreen",1998,-0.86,-9.83796018416667,1.192973325,6.04957225,-2.98118341666667,-32.149636
"Austre_Broeggerbreen",1999,-0.36,-11.0750118166667,1.34370233333333,6.26567908333333,-1.030028375,-32.890435
"Austre_Broeggerbreen",2000,-0.022,-11.7151357583333,0.796858983333333,5.87804416666667,-3.21242988333333,-37.9664791666667
"Austre_Broeggerbreen",2001,-0.476,-11.6102333475,1.0366246,6.01600141666667,-1.672532525,-37.4254308333333
"Austre_Broeggerbreen",2002,-0.565,-10.3324607833333,0.940378966666667,5.94413125,-3.06671833833333,-35.632285
"Austre_Broeggerbreen",2003,-0.899,-10.8319273166667,0.8761162,6.04804158333333,-7.50095315833333,-39.7746583333333
"Austre_Broeggerbreen",2004,-1.142,-10.7288360483333,1.21560713333333,6.66973141666667,-9.11661525,-32.3062625
"Austre_Broeggerbreen",2005,-0.981,-9.79916614166667,1.13545393333333,6.60321116666667,-4.69479900833333,-31.5788716666667
"Austre_Broeggerbreen",2006,-0.725,-10.195940975,1.58974133333333,6.1171715,-7.5892357,-34.60608
"Austre_Broeggerbreen",2007,-0.457,-10.699232775,1.33251421666667,6.15858466666667,-7.91512689166667,-34.12703
"Austre_Broeggerbreen",2008,-0.127,-11.1300577425,0.958607866666667,6.08235783333333,-5.53912233333333,-35.8983883333333
"Austre_Broeggerbreen",2009,-0.25,-11.19005245,1.08759871666667,5.58233508333333,-3.000728825,-32.244275
"Austre_Broeggerbreen",2010,-0.44,-11.9485232416667,0.63369545,5.26752183333333,-4.45976861916667,-35.420135
"Austre_Broeggerbreen",2011,-1.004,-10.6472892191667,1.34270151666667,6.11742316666667,-6.35234608333333,-32.9409416666667
"Austre_Broeggerbreen",2012,-0.175,-10.2045048166667,1.10487189166667,5.95515791666667,-3.940789925,-33.0017166666667
"Austre_Broeggerbreen",2013,-1.05,-10.9393033666667,0.986765083333333,5.71457016666667,-3.7698425,-35.9254216666667
"Austre_Broeggerbreen",2014,0.01,-10.1608127691667,1.15512435833333,5.4393265,-3.7217965475,-34.0434725
"Austre_Broeggerbreen",2015,-0.61,-10.0274697416667,1.36414999166667,6.373684,-9.74079300833333,-31.9137066666667
"Austre_Broeggerbreen",2016,-1.45,-8.93621017791667,0.997495433333333,5.90778833333333,-3.5737468,-32.8721733333333
"Austre_Broeggerbreen",2017,-0.79,-9.81880643333333,0.816333583333333,5.56982066666667,-5.192428855,-35.4676633333333
"Austre_Broeggerbreen",2018,-0.88,-9.7850290625,1.36713149166667,5.62931608333333,-3.0745756,-30.5880508333333
"Austre_Broeggerbreen",2019,-0.71,-11.8901109,0.911905566666667,5.3003985,0.759040875,-31.0551941666667
"Austre_Broeggerbreen",2020,-1.744,-10.8621764016667,1.1891176,5.99975383333333,0.0594815083333333,-31.6410955
"Austre_Broeggerbreen",2021,-0.78,-9.82557659176667,1.099649275,6.28368425,-4.36400983333333,-33.83077
"Austre_Broeggerbreen",2022,-1.516,-11.148803025,1.10789464166667,5.41966383333333,-2.77090838333333,-30.64263025
"Austre_Broeggerbreen",2023,-0.948,-10.82255428,1.101796525,5.83948075,-2.7293292,-33.0228233333333
"Djankuat",1976,0.29,-2.36531080833333,2.70100718333333,1.35532916666667,-18.6231371583333,-56.8091775
"Djankuat",1977,-0.37,-2.19730428333333,2.879177725,1.37563375,-18.9681039916667,-55.3161366666667
"Djankuat",1978,0.44,-1.82259325,3.17392541666667,1.39118358333333,-16.5544382916667,-52.6376375
"Djankuat",1979,-0.31,-1.01086683333333,2.94262341666667,1.39526291666667,-18.3519963333333,-54.9973158333333
"Djankuat",1980,0.38,-1.65153075,2.73476844166667,1.39502891666667,-20.2920979166667,-56.5009716666667
"Djankuat",1981,-0.91,-1.17873528333333,3.0919385,1.35406225,-17.2375387916667,-53.7800458333333
"Djankuat",1982,0.42,-2.001152685,2.713134,1.29794616666667,-19.4834190916667,-56.8327533333333
"Djankuat",1983,-0.97,-1.83289108333333,3.13322041666667,1.35702941666667,-18.5490309583333,-54.1685366666667
"Djankuat",1984,0.21,-1.85093666666667,2.59110388333333,1.23986858333333,-17.6077213333333,-55.9452375
"Djankuat",1985,-0.38,-1.713737775,2.64890466666667,1.40003733333333,-20.631781015,-55.3413616666667
"Djankuat",1986,-0.5,-1.17037771666667,2.69503986666667,1.36268275,-20.1225611666667,-57.6921416666667
"Djankuat",1987,1.54,-1.42319733333333,3.992432325,1.45656416666667,-18.5488334616667,-54.516955
"Djankuat",1988,0.52,-1.55704475,3.20206666666667,1.40135758333333,-18.0091484475,-52.6121491666667
"Djankuat",1989,0.04,-1.272870925,3.60029858333333,1.3942935,-17.8750234166667,-57.2136133333333
"Djankuat",1990,0.34,-1.50281517808333,2.81659783333333,1.34964733333333,-18.1017602833333,-55.4517558333333
"Djankuat",1991,-0.31,-1.19996944166667,2.75636600833333,1.32314241666667,-19.5640336583333,-56.95246
"Djankuat",1992,-0.13,-3.17549885833333,3.011524375,1.42714566666667,-16.9121338083333,-53.5585716666667
"Djankuat",1993,1.1,-2.32197281666667,2.606548625,1.43093783333333,-19.9829731666667,-59.7452308333333
"Djankuat",1994,-0.84,-1.01344763333333,2.52200015833333,1.35252908333333,-21.5694777333333,-58.7667416666667
"Djankuat",1995,0.04,-1.19993033333333,3.13309224166667,1.41406441666667,-17.4676178783333,-54.1760433333333
"Djankuat",1996,-0.15,-1.05196795333333,2.8783741,1.35777283333333,-18.451364625,-58.4569833333333
"Djankuat",1997,0.27,-1.97597743333333,2.91504699166667,1.42088175,-19.2623494408333,-56.3650108333333
"Djankuat",1998,-1,-0.137883250833333,2.65367133333333,1.42229641666667,-23.35637,-60.6507825
"Djankuat",1999,-0.56,-1.02971929166667,2.7864317,1.39636266666667,-18.6769513433333,-58.7586758333333
"Djankuat",2000,-1.14,-1.61180108333333,2.21155633333333,1.36775483333333,-22.3282896666667,-62.6162875
"Djankuat",2001,-0.62,-0.949206025,2.98211533333333,1.44222466666667,-20.5412490833333,-58.2060791666667
"Djankuat",2002,0.43,-1.40062021666667,3.043053,1.36986825,-17.6604056666667,-55.1022625
"Djankuat",2003,0.28,-1.676409,2.67360483333333,1.33847091666667,-21.8533242691667,-56.943565
"Djankuat",2004,0.73,-1.57673616666667,2.96144225,1.41210025,-19.3364594166667,-57.6965208333333
"Djankuat",2005,0.39,-1.551213225,3.43230754166667,1.32099541666667,-18.388644475,-53.4983741666667
"Djankuat",2006,-0.8,-1.22138135,3.18305225,1.39664625,-18.5725290741667,-56.3065758333333
"Djankuat",2007,-2.01,-1.41407541666667,2.92673891666667,1.329878,-19.2421319666667,-59.4204758333333
"Djankuat",2008,-0.41,-1.19599544166667,2.74979041666667,1.328516,-19.926107625,-59.2827233333333
"Djankuat",2009,-0.23,-1.14483891666667,2.82873983333333,1.33554208333333,-19.7919828333333,-55.8476733333333
"Djankuat",2010,-1.17,0.765154490583334,3.11382091666667,1.38298516666667,-20.0088247958333,-58.2448133333333
"Djankuat",2011,-0.68,-1.855352,2.71060999166667,1.3574475,-22.1876556583333,-56.0872325
"Djankuat",2012,-1.63,-0.646368458333333,2.74795458333333,1.33519091666667,-22.1412266583333,-59.546565
"Djankuat",2013,-0.45,-1.11804504166667,3.16443576666667,1.37324191666667,-20.8051771666667,-57.0955375
"Djankuat",2014,-1.56,-0.3006893,3.04911838333333,1.34210525,-19.08983885,-57.2315425
"Djankuat",2015,-1.05,-0.174469833333334,2.67533833333333,1.38582708333333,-22.4848833,-60.2937033333333
"Djankuat",2016,-0.84,-0.906240333333333,3.19497608333333,1.42449733333333,-19.076136325,-55.1343525
"Djankuat",2017,-1.06,-0.869120583333334,3.07988245,1.37414216666667,-19.8150263333333,-59.3685025
"Djankuat",2018,-0.04,0.57656825,2.99773308333333,1.33484166666667,-20.566880025,-59.1782458333333
"Djankuat",2019,-0.63,-0.185014833333333,2.3771065,1.34145725,-21.70086702,-61.5892983333333
"Djankuat",2020,-1.37,-0.395955583333333,2.08948495833333,1.30729958333333,-18.71252525,-61.21345
"Djankuat",2021,-0.17,-0.394900158333333,3.32349366666667,1.47151833333333,-17.0297779916667,-55.0574966666667
"Djankuat",2022,-0.59,-0.882947233333333,2.6144158,1.44302375,-20.7768895333333,-58.2791266666667
"Djankuat",2023,-0.07,0.0658037500000002,3.350450225,1.43196791666667,-20.0516686666667,-56.7089733333333
"Echaurren_Norte",1976,-0.92,-3.24631798333333,2.42344604166667,1.28380091666667,-26.0833220166667,-75.9717816666666
"Echaurren_Norte",1977,-1.3,-1.90671783333333,3.54231675833333,1.30651575,-26.431178,-75.0010733333333
"Echaurren_Norte",1978,0.18,-2.29589108333333,3.78648361666667,1.31382,-29.1334295166667,-75.1791933333333
"Echaurren_Norte",1979,0.67,-2.96692401666667,2.96216718333333,1.28356883333333,-25.0431725166667,-72.6794833333333
"Echaurren_Norte",1980,0.3,-3.62273664083333,3.81372469166667,1.277787,-17.1353188083333,-64.6138408333333
"Echaurren_Norte",1981,0.36,-2.96546435833333,2.40555210833333,1.29706866666667,-22.0555203583333,-71.0189533333333
"Echaurren_Norte",1982,-2.42,-2.33239744166667,5.99991994166667,1.28700058333333,-24.4430727583333,-67.0019458333333
"Echaurren_Norte",1983,3.7,-4.42606465,2.93451415,1.27364491666667,-11.2391988333333,-60.1167533333333
"Echaurren_Norte",1984,-1.24,-3.51911915833333,4.46211964166667,1.30827383333333,-23.8173330666667,-67.6390816666667
"Echaurren_Norte",1985,0.34,-2.91867866666667,2.421417,1.30398441666667,-24.896071375,-72.7269375
"Echaurren_Norte",1986,-1.7,-2.4541345,3.98623799166667,1.30640775,-26.5798362108333,-71.4495875
"Echaurren_Norte",1987,0.95,-3.24712944166667,4.57284680833333,1.24689483333333,-18.6807797833333,-65.0482483333333
"Echaurren_Norte",1988,2.3,-3.535878375,1.93752398333333,1.27988041666667,-23.45674225,-73.644925
"Echaurren_Norte",1989,-1.26,-2.13201895833333,2.74184380833333,1.30406808333333,-30.5243892166667,-80.4196666666667
"Echaurren_Norte",1990,-1.3,-3.08911871666667,2.57870675,1.31124308333333,-27.7863587,-72.5368191666667
"Echaurren_Norte",1991,-0.86,-2.71093756666667,3.92781081666667,1.34429383333333,-29.3798540333333,-72.2308508333333
"Echaurren_Norte",1992,1.74,-3.301676,3.5022165,1.3150505,-23.6303320916667,-68.4321358333333
"Echaurren_Norte",1993,-0.29,-2.5600405,3.11510400833333,1.31312675,-29.4018689166667,-74.2055775
"Echaurren_Norte",1994,-1.86,-2.22158058333333,2.78895366666667,1.32567441666667,-30.67393765,-73.4685933333333
"Echaurren_Norte",1995,-0.95,-2.71307656666667,2.934471525,1.32867133333333,-32.8901498633333,-76.1440833333333
"Echaurren_Norte",1996,-1.18,-2.57856736666667,1.65955396666667,1.31345966666667,-32.7009361666667,-81.9521341666667
"Echaurren_Norte",1997,-2.53,-1.966642,4.626879625,1.34400616666667,-32.2268832,-76.0847641666667
"Echaurren_Norte",1998,2.4,-2.821800325,2.00826616666667,1.3213105,-31.4351035166667,-77.5617191666667
"Echaurren_Norte",1999,-4.28,-1.954609975,2.71055308333333,1.32146016666667,-33.26043725,-78.4520033333333
"Echaurren_Norte",2000,-0.75,-2.79627735833333,3.495842125,1.34498925,-32.7729508583333,-77.6254791666667
"Echaurren_Norte",2001,1.79,-2.05400058333333,3.4171106,1.29659841666667,-31.5754374916667,-76.1913258333333
"Echaurren_Norte",2002,-0.22,-2.660929,3.89087533333333,1.33800741666667,-30.9582050666667,-74.2137591666667
"Echaurren_Norte",2003,1.9,-1.46956108333333,2.400096425,1.32246558333333,-33.4610399166667,-81.1596533333333
"Echaurren_Norte",2004,-0.55,-2.44313558333333,2.686225625,1.30361041666667,-27.2667590083333,-72.1510583333333
"Echaurren_Norte",2005,-0.78,-2.62584435,4.45697508333333,1.31417483333333,-26.9582169025,-70.7546833333333
"Echaurren_Norte",2006,0.48,-1.35574344166667,3.77341785833333,1.32689808333333,-32.87341875,-77.7818025
"Echaurren_Norte",2007,-0.13,-3.27823660833333,2.81277321666667,1.33020075,-29.7324579166667,-76.2214016666667
"Echaurren_Norte",2008,-0.54,-2.35479968333333,3.41206485,1.30646575,-32.0637276083333,-77.1265033333333
"Echaurren_Norte",2009,0.08,-2.13585675,3.18122769166667,1.31729133333333,-30.7217388833333,-75.9400275
"Echaurren_Norte",2010,-2.11,-2.696701175,1.98973429166667,1.31717141666667,-32.851595,-79.7611783333333
"Echaurren_Norte",2011,-1.27,-2.51623463333333,2.32990630833333,1.2983255,-26.8364738083333,-76.4598825
"Echaurren_Norte",2012,-2.38,-2.13517763166667,2.51682850833333,1.28025841666667,-27.3494473,-74.7825266666667
"Echaurren_Norte",2013,-1.03,-2.49103536666667,2.61060780833333,1.29104725,-25.3234615833333,-73.6278
"Echaurren_Norte",2014,-0.94,-2.79701000833333,2.58890855833333,1.34500008333333,-28.4920357416667,-74.2064333333333
"Echaurren_Norte",2015,-1.72,-1.84046441,2.97888763333333,1.27915741666667,-30.66919655,-77.6292816666667
"Echaurren_Norte",2016,-2.284,-2.66092231666667,3.31192123333333,1.2760395,-22.0155435,-67.6553225
"Echaurren_Norte",2017,-0.353,-2.79788466666667,2.55141095833333,1.31834808333333,-21.4216265333333,-69.4024533333333
"Echaurren_Norte",2018,-3.592,-1.98671474166667,2.52973975833333,1.31931658333333,-26.8888795,-74.7358583333333
"Echaurren_Norte",2019,-2.246,-0.868151375,1.62199125833333,1.35119333333333,-37.42381025,-85.0612291666667
"Echaurren_Norte",2020,-2.43,-0.73003175,2.11396336666667,1.34481808333333,-42.6236916666667,-89.32889
"Echaurren_Norte",2021,-0.7,-1.57039385833333,2.00833684166667,1.30752058333333,-33.0965744083333,-84.0077291666666
"Echaurren_Norte",2022,-1.161,-2.33727250833333,2.20215650833333,1.3352625,-34.191288125,-82.0202258333333
"Echaurren_Norte",2023,-1.125,-1.04531858333333,3.77353654166667,1.33646575,-33.8437532666667,-77.6530108333333
"Gulkana",1976,0,-5.70366418333333,2.3594775,2.05035341666667,-5.5320444815,-41.3418375
"Gulkana",1977,0.38,-5.29292205,2.52270503333333,1.99827766666667,-5.84178676666667,-40.61028
"Gulkana",1978,-0.02,-4.469303625,2.3197215,1.91658841666667,-5.55826975,-39.5893416666667
"Gulkana",1979,-0.22,-5.85409055,2.31128460833333,2.11949833333333,-3.97035038333333,-41.5659766666667
"Gulkana",1980,0.56,-5.843932625,2.40355558333333,2.13038933333333,-2.79868475,-41.154725
"Gulkana",1981,-0.18,-4.64101075,3.07339494166667,2.02096125,-5.01047708333333,-39.9266775
"Gulkana",1982,-0.57,-7.63313169166667,2.2984385,2.15754058333333,-2.87215075,-38.9073225
"Gulkana",1983,0.32,-5.810945125,2.63757209166667,1.91859383333333,-3.64831291666667,-38.61842
"Gulkana",1984,-0.56,-6.07152165,2.30285825833333,1.93151391666667,-5.19214375833333,-38.440915
"Gulkana",1985,-0.34,-6.95197325,2.90429213333333,1.99989641666667,-3.5271915,-35.384435
"Gulkana",1986,-0.04,-5.88071686666667,2.503708,2.11414125,-4.88935216666667,-39.7553116666667
"Gulkana",1987,-0.69,-5.30678326666667,2.599068975,2.02550516666667,-4.12959766666667,-38.4393591666667
"Gulkana",1988,-0.02,-5.67342573333333,2.74733359166667,1.98610283333333,-3.92039383333333,-35.4894233333333
"Gulkana",1989,-0.49,-6.25646293333333,2.36097728333333,2.08012575,-5.58505358333333,-39.309765
"Gulkana",1990,-0.74,-6.9010481,2.93916539166667,2.030198,-5.88031225,-39.1658841666667
"Gulkana",1991,-0.49,-5.7924566,2.28972854166667,2.03652725,-4.99160866666667,-39.0498141666667
"Gulkana",1992,-0.78,-6.8574035,2.46850408333333,2.075045,-4.60282941666667,-36.5441141666667
"Gulkana",1993,-1.58,-4.67499636666667,2.59498405,2.00402991666667,-6.50117566666667,-39.83953
"Gulkana",1994,-0.46,-6.50387459166667,2.25646185833333,2.17970683333333,-4.91726841666667,-39.9699808333333
"Gulkana",1995,-1.08,-5.776679,1.96079984166667,2.02503183333333,-4.51534533333333,-39.2304291666667
"Gulkana",1996,-0.54,-7.27959181833333,2.122219,2.06325858333333,-4.81257066666667,-44.1123641666667
"Gulkana",1997,-2.01,-5.50415216916667,2.0622321,1.99357608333333,-4.8653595,-40.669385
"Gulkana",1998,-0.52,-5.82153584166667,2.06817096666667,2.042662,-3.78739441666667,-40.2016833333333
"Gulkana",1999,-1.48,-7.16003531666667,2.80887396666667,2.1247,-4.71175641666667,-39.4065841666667
"Gulkana",2000,-0.02,-5.53129408333333,2.30160816666667,1.96468091666667,-4.48850716666667,-38.8297333333333
"Gulkana",2001,-1.02,-5.79344010833333,2.03781231666667,2.00697591666667,-3.69034458333334,-39.4207
"Gulkana",2002,-0.6,-4.98470786666667,2.86277315,1.97627658333333,-5.878425,-40.0447141666667
"Gulkana",2003,0.51,-5.24402835,2.26932639166667,1.98728158333333,-6.72057780833333,-42.7175958333333
"Gulkana",2004,-2.48,-5.18786891666667,2.543641325,1.92346166666667,-6.96062275,-40.4192316666667
"Gulkana",2005,-0.55,-5.05790875,2.68942941666667,1.96437433333333,-6.072407625,-40.5137041666667
"Gulkana",2006,0.52,-7.30521875,2.6183584,2.13633383333333,-4.87221208333333,-40.6261991666667
"Gulkana",2007,-0.13,-6.28381016666667,2.07577229166667,1.9554055,-6.9288425,-43.1037816666667
"Gulkana",2008,1.4,-7.294917075,2.48425590833333,2.01515675,-5.80235375,-38.1558091666667
"Gulkana",2009,-0.51,-6.09207475,2.0124763,2.02451925,-6.9578922425,-41.9278833333333
"Gulkana",2010,-1.57,-5.59294761666667,2.18547316666667,2.07668083333333,-6.53272085,-40.5767125
"Gulkana",2011,-1.58,-6.72746453333333,2.29361959166667,2.09873141666667,-6.13029475,-40.1533333333333
"Gulkana",2012,-0.31,-7.61976906666667,2.52392875833333,2.2319345,-3.896852,-39.3263725
"Gulkana",2013,-1.13,-5.89726371891667,3.0796315,2.11971416666667,-6.59226791666667,-38.12747
"Gulkana",2014,0.01,-4.85314843333333,2.13348146666667,1.9994175,-6.11036825,-41.741995
"Gulkana",2015,-1.23,-5.07864929166667,2.58706208333333,1.98742783333333,-6.45941008333333,-41.008825
"Gulkana",2016,-1.26,-3.75537341666667,1.98436155833333,1.96298041666667,-6.19416733333333,-41.2782208333333
"Gulkana",2017,-1.84,-5.43962205833333,2.36053610833333,2.05296491666667,-6.09963,-41.0406866666667
"Gulkana",2018,-0.36,-4.77361850833333,2.88287308333333,2.09005891666667,-5.14847433333333,-39.7992633333333
"Gulkana",2019,-1.46,-3.73179033333333,2.70136975,1.92701058333333,-6.154359,-39.6605075
"Gulkana",2020,-0.21,-6.46583765833333,2.60790295833333,2.06420533333333,-6.00123525,-39.5645275
"Gulkana",2021,-0.71,-6.930325775,2.45813455833333,2.0308535,-6.78475466666667,-39.6703575
"Gulkana",2022,-1.05,-5.320893775,3.52821825833333,2.12401341666667,-5.68619195,-37.8567766666667
"Gulkana",2023,-0.4,-5.29472101666667,2.80696663333333,2.06079766666667,-5.36337808333333,-35.4107916666667
"Hintereisferner",1976,-0.314,-2.891799675,3.006341525,1.350117,-16.0520264583333,-44.1203166666667
"Hintereisferner",1977,0.76,-1.934353875,3.41689358333333,1.34192308333333,-15.7386301916667,-40.7038533333333
"Hintereisferner",1978,0.411,-2.61883389166667,3.2089315,1.35268708333333,-15.379262925,-42.2338775
"Hintereisferner",1979,-0.219,-2.80066166666667,3.64758391666667,1.36381675,-17.4331695083333,-40.4886741666667
"Hintereisferner",1980,-0.05,-3.0784504825,2.89819991666667,1.40178058333333,-17.4244294916667,-42.7695841666667
"Hintereisferner",1981,-0.173,-2.80357333333333,3.59836970833333,1.45858066666667,-16.7488965416667,-42.2540416666667
"Hintereisferner",1982,-1.24,-1.81156441666667,3.206569575,1.34514475,-19.00109395,-45.5409858333333
"Hintereisferner",1983,-0.58,-1.413978275,3.37537108333333,1.42437516666667,-18.6238936666667,-48.2330691666667
"Hintereisferner",1984,0.032,-3.18160976666667,2.85782691666667,1.409409,-16.90435555,-45.1250025
"Hintereisferner",1985,-0.574,-2.45224241666667,3.08303579166667,1.41401958333333,-20.251247675,-47.5100891666667
"Hintereisferner",1986,-0.732,-2.08755463333333,3.02706025,1.36658375,-21.2886758083333,-47.7477833333333
"Hintereisferner",1987,-0.717,-2.10649625,3.31876658333333,1.4061365,-18.2720041,-44.6450641666667
"Hintereisferner",1988,-0.945,-1.641675,3.331561,1.42982283333333,-20.9679733833333,-45.7625016666667
"Hintereisferner",1989,-0.637,-1.563634225,2.74151348333333,1.31926266666667,-18.7814820833333,-48.5522466666667
"Hintereisferner",1990,-0.995,-1.68082408333333,3.07925805,1.35701233333333,-22.9686635,-48.6716408333333
"Hintereisferner",1991,-1.325,-2.225509,2.98280991666667,1.33888241666667,-20.8581163333333,-47.9067233333333
"Hintereisferner",1992,-1.12,-1.3829245,3.2154669,1.36763608333333,-19.0866955416667,-44.813065
"Hintereisferner",1993,-0.57,-1.96988441666667,3.04985358333333,1.42859966666667,-18.6296962666667,-44.867795
"Hintereisferner",1994,-1.11,-0.428947566666667,2.75616,1.43144658333333,-21.6956343,-47.556795
"Hintereisferner",1995,-0.46,-1.880732,3.040640125,1.42284558333333,-19.3700604583333,-45.2339283333333
"Hintereisferner",1996,-0.827,-2.40058355,3.22746431666667,1.37636658333333,-20.6594750333333,-44.9233483333333
"Hintereisferner",1997,-0.591,-1.05845424166667,3.18183819166667,1.40065733333333,-22.4217363583333,-49.32928
"Hintereisferner",1998,-1.232,-1.59689083333333,3.076269175,1.430753,-19.6778606416667,-46.8402233333333
"Hintereisferner",1999,-0.861,-1.65386134166667,3.94009125,1.40818658333333,-19.1905016666667,-42.5293525
"Hintereisferner",2000,-0.633,-1.20475035,3.96015508333333,1.43915925,-21.1324739083333,-45.0790916666667
"Hintereisferner",2001,-0.173,-1.562230475,3.39186975,1.44443666666667,-20.5528768,-46.0916566666667
"Hintereisferner",2002,-0.624,-0.652147791666667,3.74301753333333,1.3773085,-20.10421515,-44.3631483333333
"Hintereisferner",2003,-1.796,-0.982685916666667,2.39619279166667,1.35074358333333,-25.5293062175,-54.857645
"Hintereisferner",2004,-0.651,-1.34654975,2.73475708333333,1.42224025,-21.7931187241667,-47.15257
"Hintereisferner",2005,-1.022,-1.67002566666667,2.94979308333333,1.36714341666667,-22.90657515,-49.7429683333333
"Hintereisferner",2006,-1.493,-0.608922666666667,2.66531641666667,1.34703275,-23.0386003333333,-50.0450841666667
"Hintereisferner",2007,-1.813,-0.441647908333333,3.08344085833333,1.41472,-21.9836116083333,-48.0712866666667
"Hintereisferner",2008,-1.246,-0.636029333333333,3.39969748333333,1.37966941666667,-21.8309120083333,-46.3805883333333
"Hintereisferner",2009,-1.182,-1.08445644833333,3.12373558333333,1.43190333333333,-21.8396573666667,-46.94534
"Hintereisferner",2010,-0.792,-1.84315463333333,3.32197641666667,1.39884325,-23.2091405916667,-44.1446625
"Hintereisferner",2011,-1.423,-0.340759525,2.56619666666667,1.31516858333333,-16.8153944083333,-47.0076783333333
"Hintereisferner",2012,-1.561,-1.1977277,3.38406825,1.40737058333333,-14.0621907083333,-40.4879525
"Hintereisferner",2013,-0.51,-0.988482275,3.63075883333333,1.37352266666667,-20.5879223166667,-42.97941
"Hintereisferner",2014,-0.122,-0.0098419583333332,3.23580158333333,1.345965,-18.543675675,-42.6300366666667
"Hintereisferner",2015,-1.682,0.292317708333333,2.77667629166667,1.37860441666667,-21.57872555,-48.6672725
"Hintereisferner",2016,-1.263,0.0389175250000001,3.45285275,1.36842416666667,-22.056212475,-47.3037483333333
"Hintereisferner",2017,-1.826,-0.310828833333333,3.32162466666667,1.46849666666667,-25.6821984333333,-50.2738841666667
"Hintereisferner",2018,-1.963,0.1927245,3.30605766666667,1.36492208333333,-23.17770395,-47.0753108333333
"Hintereisferner",2019,-0.68,-0.0890981583333339,4.1115185,1.43409233333333,-19.2238501166667,-45.0010541666667
"Hintereisferner",2020,-0.97,0.102564491666667,3.55265689166667,1.3189855,-22.118461845,-47.8337441666667
"Hintereisferner",2021,-0.668,-0.916923916666667,3.28714791666667,1.387115,-21.384026475,-49.5527566666667
"Hintereisferner",2022,-3.319,0.575345166666667,3.11467773333333,1.37853566666667,-24.6611816666667,-52.0851816666667
"Hintereisferner",2023,-2.189,0.778513416666667,3.98221983333333,1.40811066666667,-22.2500662166667,-47.1120316666667
"Hellstugubreen",1976,-0.715,-3.017433085,2.41244625,1.758051,-6.938320375,-38.6687116666667
"Hellstugubreen",1977,-0.685,-2.90335809333333,2.41571889166667,1.673089,-8.46475094083333,-37.1243008333333
"Hellstugubreen",1978,-0.482,-2.81418144166667,2.88202241666667,1.75804841666667,-9.30925320583333,-39.2164641666667
"Hellstugubreen",1979,0.01,-3.70970224166667,3.21591858333333,1.73286141666667,-6.07305758333333,-32.9458008333333
"Hellstugubreen",1980,-1.197,-2.494584,3.09678883333333,1.69670525,-10.3775499166667,-39.1916566666667
"Hellstugubreen",1981,-0.338,-3.10929141666667,2.83108166666667,1.79040858333333,-9.99696741666667,-37.411635
"Hellstugubreen",1982,-0.367,-1.835843375,2.51989783333333,1.88905458333333,-10.7458469166667,-39.0333108333333
"Hellstugubreen",1983,0.156,-1.80406425,3.878658225,1.94466625,-6.83598318333333,-34.449605
"Hellstugubreen",1984,-0.522,-2.02447525,2.61059841666667,1.72027275,-7.48912221666667,-35.2163983333333
"Hellstugubreen",1985,-0.306,-3.53532901666667,2.57716116666667,1.69346466666667,-5.66615331666667,-33.7283941666667
"Hellstugubreen",1986,-0.507,-3.47860141666667,3.11392325833333,1.79536216666667,-6.58169539166667,-33.6526558333333
"Hellstugubreen",1987,0.441,-2.86106089666667,2.64475791666667,1.78830525,-7.826161025,-35.0094833333333
"Hellstugubreen",1988,-1.046,-1.781649,3.25309270833333,1.78156058333333,-8.5343986,-35.9380608333333
"Hellstugubreen",1989,0.787,-1.12047583333333,3.39695383333333,2.03318333333333,-11.0447796,-39.32203
"Hellstugubreen",1990,0.724,-0.89704625,3.91866575,1.967499,-9.92808949166667,-37.98948
"Hellstugubreen",1991,-0.418,-1.62673875833333,2.59752208333333,1.79972616666667,-9.63104796666667,-39.74931
"Hellstugubreen",1992,0.185,-1.51336675,3.21391006666667,1.92592666666667,-10.5791702166667,-39.563125
"Hellstugubreen",1993,0.341,-2.442034,2.93411186666667,1.85245025,-10.6357648333333,-40.5158358333333
"Hellstugubreen",1994,0.123,-2.5842619425,2.948402125,1.79622475,-7.32690366666667,-37.6202375
"Hellstugubreen",1995,-0.064,-2.1487022175,2.893092325,1.90260675,-11.0607538583333,-38.9343808333333
"Hellstugubreen",1996,-0.677,-2.470802375,2.31717336666667,1.73073891666667,-10.7092708916667,-40.3365383333333
"Hellstugubreen",1997,-1.586,-1.41396324166667,3.21681116666667,1.9130465,-7.745501925,-38.3235533333333
"Hellstugubreen",1998,0.031,-1.857180275,3.109989,1.8016215,-9.112652935,-33.865195
"Hellstugubreen",1999,-0.364,-1.40649443166667,3.03135891666667,1.814973,-10.0552545,-37.8574816666667
"Hellstugubreen",2000,0.194,-0.725909,3.89698866666667,1.88267175,-10.1757194716667,-35.1491166666667
"Hellstugubreen",2001,-0.361,-2.07004023333333,2.79537266666667,1.79188191666667,-9.40542053333333,-37.7128458333333
"Hellstugubreen",2002,-1.409,-0.96449515,2.77407084166667,1.75926416666667,-11.2789021583333,-40.7017716666667
"Hellstugubreen",2003,-1.433,-0.970285958333333,2.885233125,1.80227583333333,-8.20593412083333,-38.2443516666667
"Hellstugubreen",2004,-0.814,-0.888967191666667,3.22326266666667,1.83608708333333,-11.0698310166667,-38.1758716666667
"Hellstugubreen",2005,-0.259,-0.903635458333333,3.19816008333333,1.88803266666667,-9.63452489333333,-38.81671
"Hellstugubreen",2006,-1.988,-0.3042195,2.99297270833333,1.81299408333333,-10.8584499583333,-39.6724983333333
"Hellstugubreen",2007,-0.646,-0.9804309,3.318558,1.9234035,-10.0150553833333,-38.5398566666667
"Hellstugubreen",2008,-0.027,-1.23550441666667,3.49827358333333,1.7928825,-9.86164033,-38.2346491666667
"Hellstugubreen",2009,-0.234,-1.32657625,2.98070891666667,1.82524033333333,-11.7678257166667,-37.3746291666667
"Hellstugubreen",2010,-1.339,-3.19055376666667,2.56571530833333,1.72323125,-11.7560361833333,-39.3902408333333
"Hellstugubreen",2011,-2.041,-1.13465114166667,3.94727108333333,1.84837891666667,-5.58698683333333,-28.632105
"Hellstugubreen",2012,-0.018,-2.08606709166667,3.315866,1.82002058333333,-10.0295453825,-35.6058408333333
"Hellstugubreen",2013,-0.779,-1.51043183333333,3.29250633333333,1.84239225,-10.1915915333333,-39.123065
"Hellstugubreen",2014,-1.22,0.0366995333333334,3.33869491666667,1.79593666666667,-11.4611709916667,-38.0308241666667
"Hellstugubreen",2015,0.475,-0.625569675,3.50011508333333,1.97784175,-9.63936559166667,-36.9804008333333
"Hellstugubreen",2016,-0.339,-0.680224083333334,3.20883583333333,1.75752608333333,-11.02066885,-39.72176
"Hellstugubreen",2017,-0.591,-1.078241975,3.35860866666667,1.88806316666667,-10.6882299683333,-34.5314191666667
"Hellstugubreen",2018,-1.63,-0.786334166666667,2.89729255833333,1.80741625,-12.1145764,-41.15858
"Hellstugubreen",2019,-1.873,-0.846153425,3.18693956666667,1.83151483333333,-10.1934959416667,-36.8375333333333
"Hellstugubreen",2020,-0.436,-0.102877316666667,3.766555,1.93603783333333,-9.23258325833333,-36.8413591666667
"Hellstugubreen",2021,-1.279,-1.15816475,2.85235416666667,1.82208875,-10.5981319666667,-39.0472441666667
"Hellstugubreen",2022,-0.94,-0.8332598,3.21443749166667,1.92111166666667,-9.33597750833333,-37.9747041666667
"Hellstugubreen",2023,-1.04,-1.66164348333333,3.78099466666667,1.755328,-9.75102159166667,-37.2654191666667
"Meighen_Ice_Cap",1976,0.08,-18.2988432083333,0.661770708333333,5.36810608333333,13.2266921666667,-28.07511
"Meighen_Ice_Cap",1977,-0.24,-18.54097775,0.4960771775,5.13087458333333,12.2473242916667,-26.6353441666667
"Meighen_Ice_Cap",1978,-0.09,-17.4469104166667,0.7022484,5.68680691666667,13.5440350833333,-28.4211683333333
"Meighen_Ice_Cap",1979,-0.005,-16.7733064416667,0.571035775,5.4850355,9.9819525,-30.814835
"Meighen_Ice_Cap",1980,-0.005,-15.6071159808333,0.860919541666667,6.17455775,13.67802975,-31.7626141666667
"Meighen_Ice_Cap",1981,-0.17,-14.212536725,0.88236335,5.64774733333333,9.67870875,-29.3906391666667
"Meighen_Ice_Cap",1982,0.16,-16.4648400833333,0.621601808333333,6.02085783333333,11.6206745,-30.9637983333333
"Meighen_Ice_Cap",1983,-0.25,-16.0482258666667,0.958966325,5.75995925,10.787632,-28.5405241666667
"Meighen_Ice_Cap",1984,0.23,-17.1867185083333,0.740519258333333,5.36310075,12.12645375,-27.4957425
"Meighen_Ice_Cap",1985,-0.03,-17.2043514041667,0.686766285833333,4.97367816666667,10.4247565833333,-26.8345616666667
"Meighen_Ice_Cap",1986,0.25,-16.5240079833333,0.682365833333333,5.96703841666667,12.4353926666667,-31.8032283333333
"Meighen_Ice_Cap",1987,-0.18,-16.6918535416667,0.582183641666667,5.51768966666667,10.6688886666667,-29.8099808333333
"Meighen_Ice_Cap",1988,-0.29,-15.1748381666667,0.777370258333333,6.22344975,11.2025655,-29.2663466666667
"Meighen_Ice_Cap",1989,0.29,-17.020091935,0.98235735,5.77586866666667,14.1026195,-27.4908816666667
"Meighen_Ice_Cap",1990,-0.21,-15.67891645,0.6321683,5.39979766666667,11.2427733333333,-28.5703316666667
"Meighen_Ice_Cap",1991,-0.22,-15.9978723441667,0.804507483333333,5.69546416666667,11.7455825,-27.7031525
"Meighen_Ice_Cap",1992,0.01,-16.40981535,0.746752575,5.68362783333333,14.0594495833333,-28.6315766666667
"Meighen_Ice_Cap",1993,-0.59,-16.280395275,0.48207945,5.94072591666667,10.627492,-32.6139533333333
"Meighen_Ice_Cap",1994,-0.2,-15.3359389166667,1.255520575,6.68859225,9.90919966666667,-30.6011158333333
"Meighen_Ice_Cap",1995,0.06,-16.0799934583333,0.519838778333333,5.39516283333333,10.1182854166667,-30.4431275
"Meighen_Ice_Cap",1996,0.19,-15.396085925,0.959824814166667,5.86912191666667,10.7901800833333,-29.5460283333333
"Meighen_Ice_Cap",1997,-0.06,-16.1169587833333,0.814945916666666,6.02468925,10.82408275,-30.48946
"Meighen_Ice_Cap",1998,-0.1,-14.734165375,0.749367225,5.67268883333333,10.0839580833333,-30.288875
"Meighen_Ice_Cap",1999,-0.35,-16.5153892,0.494005258333333,5.42668083333333,8.65949233333333,-31.6199458333333
"Meighen_Ice_Cap",2000,-0.49,-16.3629497916667,0.63587625,5.61368133333333,11.763148,-29.7914241666667
"Meighen_Ice_Cap",2001,0.01,-16.5993427666667,0.650268458333333,5.26126808333333,12.4131101666667,-28.7397283333333
"Meighen_Ice_Cap",2002,0.08,-15.3460432416667,0.818262018333333,5.66700383333333,11.2057110833333,-27.5284941666667
"Meighen_Ice_Cap",2003,-0.53,-14.8001832333333,0.762277591666667,5.828417,10.76099875,-29.6256683333333
"Meighen_Ice_Cap",2004,0.28,-17.2877705186667,0.635253583333333,5.725895,14.33126125,-27.7096583333333
"Meighen_Ice_Cap",2005,-0.38,-14.9513171333333,0.62173005,5.55504341666667,10.6991563333333,-25.3257141666667
"Meighen_Ice_Cap",2006,-0.008,-14.816527675,0.701390733333333,5.35577058333333,11.1417556666667,-25.4125066666667
"Meighen_Ice_Cap",2007,-0.518,-16.3552207583333,0.465380858333333,5.97263266666667,15.0804282416667,-28.2491958333333
"Meighen_Ice_Cap",2008,-0.705,-16.22374145,0.617249108333333,5.380704,12.2894854166667,-28.0884975
"Meighen_Ice_Cap",2009,-0.676,-15.7707629,0.712053708333333,5.6414265,12.2434785,-27.5826558333333
"Meighen_Ice_Cap",2010,-0.387,-14.1253565166667,0.658546230833333,5.69135591666667,11.0124234166667,-26.7959308333333
"Meighen_Ice_Cap",2011,-1.31,-16.0327244141667,0.716493191666667,5.63797391666667,10.1208406166667,-28.9703216666667
"Meighen_Ice_Cap",2012,-1.117,-16.0377923333333,0.588599041666667,5.32932025,11.8531103333333,-26.2352225
"Meighen_Ice_Cap",2013,0.16,-16.3560452833333,0.867553091666667,5.40083383333333,13.6881588333333,-27.6245491666667
"Meighen_Ice_Cap",2014,0.057,-16.070852025,0.546595725,5.42906058333333,14.5380655,-26.5315525
"Meighen_Ice_Cap",2015,-0.892,-14.8652382025,0.703617966666667,5.56390758333333,11.4651993333333,-26.8447633333333
"Meighen_Ice_Cap",2016,-0.791,-14.8519487675,1.05902432583333,6.10727483333334,13.7240581666667,-26.6940208333333
"Meighen_Ice_Cap",2017,0.126,-15.27271975,0.868419441666667,5.68222233333333,11.4797714166667,-25.5970408333333
"Meighen_Ice_Cap",2018,0.199,-14.8185633416667,0.866092191666667,5.7622155,11.9017728333333,-26.4584408333333
"Meighen_Ice_Cap",2019,-0.956,-14.2785138333333,0.721627941666667,5.60692908333333,11.2134988333333,-26.19501
"Meighen_Ice_Cap",2020,-0.726,-15.4173862083333,0.652610583333333,5.43937175,12.6804264166667,-23.30465
"Meighen_Ice_Cap",2021,-0.131,-14.8972387333333,0.812719075,5.19751125,11.873917,-24.3060383333333
"Meighen_Ice_Cap",2022,-0.451,-16.1374673166667,0.545490375,5.77850866666667,14.4195607,-25.1810688333333
"Meighen_Ice_Cap",2023,-0.615,-14.8264985333333,0.758735941666667,5.40908491666667,12.0905599166667,-25.366545
"South_Cascade",1976,0.79,1.83012425833333,4.759679175,1.49276683333333,-31.7599755,-46.1766908333333
"South_Cascade",1977,-1.46,2.23671458333333,5.61600125,1.56064666666667,-43.5178260833333,-49.4225416666667
"South_Cascade",1978,-0.54,2.21696995833333,4.44216458333333,1.52321483333333,-38.4803855,-46.7490791666667
"South_Cascade",1979,-1.72,2.56310301666667,4.93957533333333,1.5057385,-38.7769557666667,-51.8192158333333
"South_Cascade",1980,-1.18,2.61789716666667,5.4495875,1.52383183333333,-39.9034770333333,-45.3716283333333
"South_Cascade",1981,-1,2.87528735833333,5.28116998333333,1.51848641666667,-37.8365496925,-47.5177358333333
"South_Cascade",1982,-0.08,1.92877413333333,6.19419958333333,1.4807915,-37.9234596166667,-47.2537941666667
"South_Cascade",1983,-0.93,2.64639265833333,6.00004491666667,1.49523175,-36.780552,-46.6555916666667
"South_Cascade",1984,-0.04,1.97453029583333,5.60686501666667,1.51888383333333,-41.6453133333333,-46.6919208333333
"South_Cascade",1985,-1.36,1.77957958333333,4.0937779,1.52010641666667,-43.959166525,-53.2110908333333
"South_Cascade",1986,-0.92,3.09578635833333,5.27257280833333,1.5156885,-40.5259438333333,-48.7609858333333
"South_Cascade",1987,-2.22,3.78005793833333,4.372816725,1.47602033333333,-41.20117,-53.3714341666667
"South_Cascade",1988,-1.28,3.27234883333333,5.60188745833333,1.49942708333333,-42.44205525,-49.9628316666667
"South_Cascade",1989,-1.34,2.76418858333333,5.15794360833333,1.46072891666667,-41.3154555583333,-48.464645
"South_Cascade",1990,-0.4,2.8659031025,7.51376931666667,1.48945991666667,-39.1283606666667,-45.2323441666667
"South_Cascade",1991,-0.44,3.067802725,5.41662520833333,1.48062991666667,-40.9074493333333,-48.3420616666667
"South_Cascade",1992,-2.43,3.91462389166667,4.55520633333333,1.4979545,-39.1589841666667,-52.1551141666667
"South_Cascade",1993,-1.1,2.42911255833333,4.11539855833333,1.47273341666667,-37.7282458583333,-49.3743441666667
"South_Cascade",1994,-1.83,3.29080764166667,5.83018439166667,1.47515258333333,-44.6266118333333,-50.524205
"South_Cascade",1995,-1.12,2.9099807,6.26568858333333,1.5667635,-38.7781886416667,-48.9663575
"South_Cascade",1996,-0.22,2.013519,6.40498125,1.51675516666667,-41.2545275833333,-46.8710966666667
"South_Cascade",1997,0.19,2.68553358333333,6.45418741666667,1.538159,-38.21572875,-47.1476558333333
"South_Cascade",1998,-1.99,3.51065025,5.659200625,1.4719085,-43.6511769166667,-47.65261
"South_Cascade",1999,1.2,2.37488825833333,6.64775425,1.544811,-38.3053516,-45.5969066666667
"South_Cascade",2000,0.43,2.19858583333333,4.07296999166667,1.52065033333333,-44.06866855,-48.9299558333333
"South_Cascade",2001,-0.9,2.67041592166667,4.97391408333333,1.53781691666667,-43.21332625,-48.82929
"South_Cascade",2002,0.38,2.85684694666667,4.95057426666667,1.537385,-44.2996683333333,-49.6587075
"South_Cascade",2003,-2.42,3.38416250833333,5.612263025,1.5394015,-46.3537066666667,-51.5800166666667
"South_Cascade",2004,-1.73,4.00416276666667,4.74554718333333,1.48903758333333,-43.2958231666667,-49.0648758333333
"South_Cascade",2005,-2.52,3.409695775,4.47977705,1.53160141666667,-45.2635544166667,-51.3653
"South_Cascade",2006,-1.29,3.06232975,6.26773549166667,1.53347091666667,-45.7966134833333,-51.3653741666667
"South_Cascade",2007,-0.07,2.60216774166667,5.68473691666667,1.49807883333333,-43.9350345833333,-46.61739
"South_Cascade",2008,0.1,2.2006430225,4.742977425,1.53034908333333,-43.732358,-47.6510375
"South_Cascade",2009,-1.73,2.60476455833333,5.0910835,1.56212583333333,-44.9271865916667,-52.1840925
"South_Cascade",2010,-0.33,2.981687025,5.34706686666667,1.55926908333333,-43.6891625,-46.5220875
"South_Cascade",2011,1.33,1.82299066666667,5.90128190833333,1.54502858333333,-44.9786708383333,-45.8799025
"South_Cascade",2012,0.01,2.95880091666667,6.58064774166667,1.54046733333333,-43.6150058333333,-46.6747433333333
"South_Cascade",2013,-0.76,2.91075361666667,4.99204221666667,1.46208533333333,-41.4825762333333,-48.1352425
"South_Cascade",2014,-0.28,3.66444625,6.53488883333333,1.56884033333333,-42.1792886333333,-47.39786
"South_Cascade",2015,-3.52,4.75432566666667,5.24294720833333,1.50765175,-47.6983486625,-52.5876941666667
"South_Cascade",2016,-0.9,3.79301924583333,5.91364875,1.53990591666667,-42.9156858333333,-45.34581
"South_Cascade",2017,-0.71,3.19344841666667,5.829325225,1.56504875,-49.1031088333333,-51.4344908333333
"South_Cascade",2018,-0.75,3.55272969166667,5.62526074166667,1.53541775,-44.63309225,-49.4693791666667
"South_Cascade",2019,-2.07,3.03639730833333,4.167303175,1.4892035,-43.1129185583333,-48.9677883333333
"South_Cascade",2020,-0.16,3.1995015,6.48953133333333,1.57688083333333,-44.3746229666667,-46.0869108333333
"South_Cascade",2021,-1.32,3.21332508333333,6.232573425,1.57487783333333,-47.2962490833333,-48.18593
"South_Cascade",2022,-1.35,3.19208486666667,5.23162050833333,1.54051166666667,-44.725006,-49.7334616666667
"South_Cascade",2023,-2.62,3.74550680833333,4.16081723333333,1.55587308333333,-47.0580656083333,-51.2296083333333
"Tsentralniy_Tuyuksuyskiy",1976,-0.72,-1.48754135833333,3.24870275833333,1.55787233333333,-11.1608125583333,-53.5427033333333
"Tsentralniy_Tuyuksuyskiy",1977,-1.1,-0.649724866666667,2.77651266666667,1.53913908333333,-12.9991138333333,-58.8736541666667
"Tsentralniy_Tuyuksuyskiy",1978,-1.48,-0.788046258333333,3.22805574166667,1.54614466666667,-11.812153975,-56.0810125
"Tsentralniy_Tuyuksuyskiy",1979,-0.52,-1.21824713333333,3.112274575,1.50846841666667,-6.496976725,-52.999875
"Tsentralniy_Tuyuksuyskiy",1980,-0.63,-0.402951808333333,3.67000545,1.38594583333333,-9.20005069166667,-53.4987908333333
"Tsentralniy_Tuyuksuyskiy",1981,0.11,-1.20699345,3.87775041666667,1.45414591666667,-8.22387775,-49.074655
"Tsentralniy_Tuyuksuyskiy",1982,-0.63,-1.29209121666667,3.36255138333333,1.54121725,-9.80598379166667,-53.6605058333333
"Tsentralniy_Tuyuksuyskiy",1983,-0.54,-0.784517808333333,3.2030015,1.5447185,-8.63775325833333,-54.7822425
"Tsentralniy_Tuyuksuyskiy",1984,-1.25,-2.0470915,3.05499225,1.51939975,-12.8043490833333,-55.8930741666667
"Tsentralniy_Tuyuksuyskiy",1985,-0.55,-1.07027133333333,3.37963641666667,1.55616883333333,-9.45298168333333,-54.7878341666667
"Tsentralniy_Tuyuksuyskiy",1986,-0.52,-1.20124108333333,3.50845558333333,1.5118935,-8.3256575,-52.8298333333333
"Tsentralniy_Tuyuksuyskiy",1987,-0.34,-0.781232733333333,3.989072,1.51423391666667,-7.658291,-47.5612133333333
"Tsentralniy_Tuyuksuyskiy",1988,-0.61,-0.643957,3.63225991666667,1.4710125,-8.085819,-52.8373908333333
"Tsentralniy_Tuyuksuyskiy",1989,-0.46,-1.74079871,3.19861925,1.51138291666667,-8.6746655,-51.823375
"Tsentralniy_Tuyuksuyskiy",1990,-0.96,-0.311814775,3.48715933333333,1.51223725,-10.5139618083333,-54.0428016666667
"Tsentralniy_Tuyuksuyskiy",1991,-1.1,-0.876037225,2.99811816666667,1.44952308333333,-11.1030347166667,-54.88017
"Tsentralniy_Tuyuksuyskiy",1992,-0.24,-1.15473341666667,3.87177749166667,1.4555455,-8.6285585,-50.08086
"Tsentralniy_Tuyuksuyskiy",1993,0.602,-1.48787446666667,4.12333533333333,1.47187475,-9.47837108333333,-48.319735
"Tsentralniy_Tuyuksuyskiy",1994,-0.443,-1.4162495,3.68747941666667,1.49865158333333,-9.23100508333333,-52.5173491666667
"Tsentralniy_Tuyuksuyskiy",1995,-0.587,-1.13844304166667,3.278800875,1.49444666666667,-10.2562928666667,-56.7080025
"Tsentralniy_Tuyuksuyskiy",1996,-0.456,-1.77690608333333,3.66552675,1.41815633333333,-8.17618941666667,-52.3531391666667
"Tsentralniy_Tuyuksuyskiy",1997,-1.467,-0.0479554166666662,3.10650283333333,1.45080016666667,-11.0970453333333,-57.0979441666667
"Tsentralniy_Tuyuksuyskiy",1998,-0.359,-0.555705158333334,4.08525108333333,1.482474,-7.74027576666667,-49.559855
"Tsentralniy_Tuyuksuyskiy",1999,-0.23,-0.782148266666666,4.13057333333333,1.52220375,-6.53211556666667,-48.9351275
"Tsentralniy_Tuyuksuyskiy",2000,-0.113,-0.96535325,3.71635391666667,1.53274675,-7.73525033333333,-51.1317708333333
"Tsentralniy_Tuyuksuyskiy",2001,-0.555,-0.575576175,4.04179866666667,1.50587075,-7.976056,-52.6594483333333
"Tsentralniy_Tuyuksuyskiy",2002,-0.302,-0.117100838333333,4.15944125,1.450201,-9.01578925,-50.9259666666667
"Tsentralniy_Tuyuksuyskiy",2003,0.359,-1.09564980833333,3.68994308333333,1.53035225,-8.932071,-50.2072808333333
"Tsentralniy_Tuyuksuyskiy",2004,0.062,-0.416305333333334,3.61047125,1.48250233333333,-8.9421435,-52.8484283333333
"Tsentralniy_Tuyuksuyskiy",2005,-0.34,-0.820569008333334,3.56905333333333,1.4462195,-8.22763125,-53.9231725
"Tsentralniy_Tuyuksuyskiy",2006,-0.969,-0.27485065,3.47195566666667,1.44684416666667,-9.638123875,-54.6837175
"Tsentralniy_Tuyuksuyskiy",2007,-0.915,-0.283223333333333,3.71899143333333,1.4647105,-9.53978077916667,-55.0522575
"Tsentralniy_Tuyuksuyskiy",2008,-1.357,-0.541934366666667,3.50001983333333,1.45447416666667,-9.96024533333333,-54.3640341666667
"Tsentralniy_Tuyuksuyskiy",2009,0.206,-1.06148788666667,3.781378325,1.501201,-7.84595066666667,-52.0054833333333
"Tsentralniy_Tuyuksuyskiy",2010,0.032,-0.239221999166666,3.72644246666667,1.44409075,-7.78398175,-51.4597125
"Tsentralniy_Tuyuksuyskiy",2011,-0.314,-0.853599366666666,3.51887699166667,1.41663391666667,-8.5495565,-53.2070233333333
"Tsentralniy_Tuyuksuyskiy",2012,-1.023,-1.481071,2.75360411666667,1.50662191666667,-10.22904525,-55.9562666666667
"Tsentralniy_Tuyuksuyskiy",2013,-0.34,-0.3613206,3.16693916666667,1.52261491666667,-9.32875358333333,-56.0934183333333
"Tsentralniy_Tuyuksuyskiy",2014,-1.088,-1.58127916666667,3.34834425,1.53914583333333,-10.6642000583333,-56.1164583333333
"Tsentralniy_Tuyuksuyskiy",2015,-0.756,-0.24457555,3.72336441666667,1.53374541666667,-8.49906216666667,-51.7899275
"Tsentralniy_Tuyuksuyskiy",2016,0.561,0.1430075,4.12986895,1.49189941666667,-9.144224875,-51.7349133333333
"Tsentralniy_Tuyuksuyskiy",2017,-1.113,-0.577104725,3.489505,1.52664458333333,-9.87512196666666,-54.6896425
"Tsentralniy_Tuyuksuyskiy",2018,-0.075,-1.01701585833333,3.63271066666667,1.53767533333333,-9.39974541666667,-52.5793625
"Tsentralniy_Tuyuksuyskiy",2019,-0.58,-0.541166333333333,3.64257466666667,1.46841633333333,-8.52342766666667,-54.2627458333333
"Tsentralniy_Tuyuksuyskiy",2020,-0.287,-0.888499583333333,3.4936543,1.45131825,-10.53788295,-55.1066491666667
"Tsentralniy_Tuyuksuyskiy",2021,-0.609,-0.281959375,3.2218517,1.58276791666667,-11.2831449583333,-57.3190583333333
"Tsentralniy_Tuyuksuyskiy",2022,-1.13,0.326349233333333,3.78623048333333,1.47728958333333,-12.84865075,-55.7588125
"Tsentralniy_Tuyuksuyskiy",2023,-0.488,0.345027216666666,3.52405875,1.52587266666667,-10.8035358333333,-55.8982075
